"id","review_id","rating_type_id","star_ratings"
4447,742,1,5
4448,742,2,4
4449,742,3,4
4450,742,4,4
4451,742,5,4
4452,742,6,5
4453,743,1,3
4454,743,2,3
4455,743,3,5
4456,743,4,5
4457,743,5,4
4458,743,6,4
4459,744,1,3
4460,744,2,4
4461,744,3,3
4462,744,4,3
4463,744,5,3
4464,744,6,4
4465,745,1,5
4466,745,2,5
4467,745,3,4
4468,745,4,4
4469,745,5,5
4470,745,6,3
4471,746,1,3
4472,746,2,5
4473,746,3,3
4474,746,4,5
4475,746,5,4
4476,746,6,5
4477,747,1,4
4478,747,2,4
4479,747,3,3
4480,747,4,4
4481,747,5,3
4482,747,6,4
4483,748,1,3
4484,748,2,4
4485,748,3,3
4486,748,4,3
4487,748,5,5
4488,748,6,4
4489,749,1,3
4490,749,2,4
4491,749,3,4
4492,749,4,4
4493,749,5,3
4494,749,6,3
4495,750,1,5
4496,750,2,4
4497,750,3,4
4498,750,4,5
4499,750,5,4
4500,750,6,3
4501,751,1,4
4502,751,2,5
4503,751,3,4
4504,751,4,4
4505,751,5,3
4506,751,6,5
4507,752,1,3
4508,752,2,4
4509,752,3,4
4510,752,4,4
4511,752,5,5
4512,752,6,3
4513,753,1,5
4514,753,2,4
4515,753,3,3
4516,753,4,3
4517,753,5,5
4518,753,6,3
4519,754,1,4
4520,754,2,5
4521,754,3,3
4522,754,4,4
4523,754,5,3
4524,754,6,4
4525,755,1,5
4526,755,2,4
4527,755,3,3
4528,755,4,4
4529,755,5,5
4530,755,6,4
4531,756,1,3
4532,756,2,5
4533,756,3,3
4534,756,4,5
4535,756,5,3
4536,756,6,5
4537,757,1,4
4538,757,2,5
4539,757,3,3
4540,757,4,3
4541,757,5,3
4542,757,6,4
4543,758,1,5
4544,758,2,5
4545,758,3,4
4546,758,4,3
4547,758,5,3
4548,758,6,4
4549,759,1,5
4550,759,2,5
4551,759,3,4
4552,759,4,5
4553,759,5,3
4554,759,6,3
4555,760,1,5
4556,760,2,4
4557,760,3,3
4558,760,4,3
4559,760,5,3
4560,760,6,5
4561,761,1,3
4562,761,2,3
4563,761,3,3
4564,761,4,4
4565,761,5,5
4566,761,6,3
4567,762,1,4
4568,762,2,4
4569,762,3,3
4570,762,4,4
4571,762,5,3
4572,762,6,5
4573,763,1,3
4574,763,2,3
4575,763,3,3
4576,763,4,3
4577,763,5,4
4578,763,6,4
4579,764,1,4
4580,764,2,4
4581,764,3,5
4582,764,4,3
4583,764,5,5
4584,764,6,3
4585,765,1,5
4586,765,2,4
4587,765,3,5
4588,765,4,3
4589,765,5,3
4590,765,6,3
4591,766,1,5
4592,766,2,4
4593,766,3,4
4594,766,4,5
4595,766,5,3
4596,766,6,4
4597,767,1,4
4598,767,2,5
4599,767,3,3
4600,767,4,5
4601,767,5,5
4602,767,6,3
4603,768,1,4
4604,768,2,3
4605,768,3,3
4606,768,4,4
4607,768,5,4
4608,768,6,5
4609,769,1,4
4610,769,2,5
4611,769,3,4
4612,769,4,3
4613,769,5,5
4614,769,6,3
4615,770,1,3
4616,770,2,3
4617,770,3,3
4618,770,4,3
4619,770,5,5
4620,770,6,3
4621,771,1,3
4622,771,2,5
4623,771,3,4
4624,771,4,3
4625,771,5,3
4626,771,6,3
4627,772,1,3
4628,772,2,5
4629,772,3,4
4630,772,4,5
4631,772,5,4
4632,772,6,5
4633,773,1,4
4634,773,2,5
4635,773,3,3
4636,773,4,3
4637,773,5,4
4638,773,6,4
4639,774,1,4
4640,774,2,5
4641,774,3,5
4642,774,4,4
4643,774,5,3
4644,774,6,4
4645,775,1,5
4646,775,2,3
4647,775,3,5
4648,775,4,4
4649,775,5,5
4650,775,6,4
4651,776,1,5
4652,776,2,5
4653,776,3,5
4654,776,4,5
4655,776,5,5
4656,776,6,3
4657,777,1,5
4658,777,2,3
4659,777,3,3
4660,777,4,4
4661,777,5,4
4662,777,6,3
4663,778,1,5
4664,778,2,4
4665,778,3,5
4666,778,4,3
4667,778,5,5
4668,778,6,3
4669,779,1,5
4670,779,2,5
4671,779,3,5
4672,779,4,3
4673,779,5,4
4674,779,6,4
4675,780,1,4
4676,780,2,5
4677,780,3,3
4678,780,4,5
4679,780,5,3
4680,780,6,5
4681,781,1,5
4682,781,2,4
4683,781,3,5
4684,781,4,5
4685,781,5,5
4686,781,6,5
4687,782,1,4
4688,782,2,5
4689,782,3,5
4690,782,4,5
4691,782,5,5
4692,782,6,3
4693,783,1,4
4694,783,2,3
4695,783,3,4
4696,783,4,3
4697,783,5,3
4698,783,6,5
4699,784,1,5
4700,784,2,4
4701,784,3,4
4702,784,4,4
4703,784,5,3
4704,784,6,3
4705,785,1,3
4706,785,2,3
4707,785,3,4
4708,785,4,3
4709,785,5,4
4710,785,6,3
4711,786,1,3
4712,786,2,5
4713,786,3,4
4714,786,4,4
4715,786,5,4
4716,786,6,5
4717,787,1,4
4718,787,2,4
4719,787,3,5
4720,787,4,5
4721,787,5,3
4722,787,6,3
4723,788,1,4
4724,788,2,4
4725,788,3,5
4726,788,4,3
4727,788,5,5
4728,788,6,3
4729,789,1,4
4730,789,2,3
4731,789,3,5
4732,789,4,5
4733,789,5,3
4734,789,6,5
4735,790,1,4
4736,790,2,4
4737,790,3,3
4738,790,4,5
4739,790,5,4
4740,790,6,5
4741,791,1,3
4742,791,2,3
4743,791,3,3
4744,791,4,3
4745,791,5,3
4746,791,6,3
4747,792,1,4
4748,792,2,4
4749,792,3,4
4750,792,4,5
4751,792,5,4
4752,792,6,3
4753,793,1,4
4754,793,2,4
4755,793,3,4
4756,793,4,3
4757,793,5,4
4758,793,6,4
4759,794,1,3
4760,794,2,3
4761,794,3,5
4762,794,4,3
4763,794,5,5
4764,794,6,5
4765,795,1,5
4766,795,2,4
4767,795,3,5
4768,795,4,3
4769,795,5,5
4770,795,6,4
4771,796,1,4
4772,796,2,3
4773,796,3,4
4774,796,4,5
4775,796,5,3
4776,796,6,5
4777,797,1,3
4778,797,2,3
4779,797,3,5
4780,797,4,3
4781,797,5,4
4782,797,6,4
4783,798,1,3
4784,798,2,3
4785,798,3,3
4786,798,4,3
4787,798,5,4
4788,798,6,5
4789,799,1,3
4790,799,2,5
4791,799,3,3
4792,799,4,5
4793,799,5,4
4794,799,6,5
4795,800,1,4
4796,800,2,3
4797,800,3,3
4798,800,4,3
4799,800,5,4
4800,800,6,3
4801,801,1,3
4802,801,2,5
4803,801,3,4
4804,801,4,4
4805,801,5,3
4806,801,6,3
4807,802,1,3
4808,802,2,5
4809,802,3,4
4810,802,4,3
4811,802,5,5
4812,802,6,4
4813,803,1,3
4814,803,2,4
4815,803,3,4
4816,803,4,4
4817,803,5,4
4818,803,6,5
4819,804,1,3
4820,804,2,4
4821,804,3,5
4822,804,4,3
4823,804,5,5
4824,804,6,4
4825,805,1,3
4826,805,2,4
4827,805,3,5
4828,805,4,3
4829,805,5,4
4830,805,6,4
4831,806,1,3
4832,806,2,4
4833,806,3,3
4834,806,4,5
4835,806,5,5
4836,806,6,3
4837,807,1,4
4838,807,2,5
4839,807,3,5
4840,807,4,5
4841,807,5,4
4842,807,6,4
4843,808,1,5
4844,808,2,3
4845,808,3,3
4846,808,4,4
4847,808,5,3
4848,808,6,4
4849,809,1,4
4850,809,2,5
4851,809,3,3
4852,809,4,5
4853,809,5,4
4854,809,6,3
4855,810,1,5
4856,810,2,5
4857,810,3,5
4858,810,4,4
4859,810,5,4
4860,810,6,3
4861,811,1,3
4862,811,2,5
4863,811,3,3
4864,811,4,5
4865,811,5,5
4866,811,6,3
4867,812,1,5
4868,812,2,3
4869,812,3,4
4870,812,4,4
4871,812,5,5
4872,812,6,5
4873,813,1,3
4874,813,2,4
4875,813,3,5
4876,813,4,5
4877,813,5,5
4878,813,6,5
4879,814,1,3
4880,814,2,4
4881,814,3,5
4882,814,4,5
4883,814,5,4
4884,814,6,4
4885,815,1,3
4886,815,2,5
4887,815,3,3
4888,815,4,4
4889,815,5,5
4890,815,6,3
4891,816,1,3
4892,816,2,4
4893,816,3,5
4894,816,4,5
4895,816,5,3
4896,816,6,4
4897,817,1,3
4898,817,2,5
4899,817,3,4
4900,817,4,5
4901,817,5,4
4902,817,6,4
4903,818,1,4
4904,818,2,5
4905,818,3,3
4906,818,4,4
4907,818,5,3
4908,818,6,5
4909,819,1,4
4910,819,2,4
4911,819,3,5
4912,819,4,3
4913,819,5,4
4914,819,6,5
4915,820,1,4
4916,820,2,3
4917,820,3,5
4918,820,4,3
4919,820,5,3
4920,820,6,5
4921,821,1,5
4922,821,2,4
4923,821,3,5
4924,821,4,3
4925,821,5,5
4926,821,6,3
4927,822,1,5
4928,822,2,4
4929,822,3,5
4930,822,4,3
4931,822,5,5
4932,822,6,4
4933,823,1,4
4934,823,2,5
4935,823,3,3
4936,823,4,3
4937,823,5,3
4938,823,6,5
4939,824,1,5
4940,824,2,4
4941,824,3,3
4942,824,4,4
4943,824,5,5
4944,824,6,3
4945,825,1,4
4946,825,2,4
4947,825,3,3
4948,825,4,3
4949,825,5,5
4950,825,6,5
4951,826,1,3
4952,826,2,5
4953,826,3,5
4954,826,4,5
4955,826,5,5
4956,826,6,3
4957,827,1,3
4958,827,2,5
4959,827,3,5
4960,827,4,5
4961,827,5,4
4962,827,6,5
4963,828,1,4
4964,828,2,4
4965,828,3,4
4966,828,4,4
4967,828,5,5
4968,828,6,3
4969,829,1,5
4970,829,2,4
4971,829,3,4
4972,829,4,5
4973,829,5,4
4974,829,6,4
4975,830,1,3
4976,830,2,4
4977,830,3,5
4978,830,4,4
4979,830,5,5
4980,830,6,5
4981,831,1,5
4982,831,2,5
4983,831,3,5
4984,831,4,5
4985,831,5,5
4986,831,6,4
4987,832,1,3
4988,832,2,3
4989,832,3,4
4990,832,4,3
4991,832,5,3
4992,832,6,3
4993,833,1,3
4994,833,2,5
4995,833,3,5
4996,833,4,3
4997,833,5,5
4998,833,6,5
4999,834,1,4
5000,834,2,5
5001,834,3,3
5002,834,4,5
5003,834,5,3
5004,834,6,5
5005,835,1,3
5006,835,2,3
5007,835,3,4
5008,835,4,5
5009,835,5,4
5010,835,6,4
5011,836,1,5
5012,836,2,5
5013,836,3,5
5014,836,4,4
5015,836,5,4
5016,836,6,3
5017,837,1,5
5018,837,2,3
5019,837,3,3
5020,837,4,4
5021,837,5,3
5022,837,6,3
5023,838,1,3
5024,838,2,4
5025,838,3,4
5026,838,4,4
5027,838,5,4
5028,838,6,5
5029,839,1,3
5030,839,2,4
5031,839,3,3
5032,839,4,5
5033,839,5,4
5034,839,6,4
5035,840,1,5
5036,840,2,5
5037,840,3,3
5038,840,4,3
5039,840,5,3
5040,840,6,3
5041,841,1,4
5042,841,2,3
5043,841,3,5
5044,841,4,4
5045,841,5,5
5046,841,6,3
5047,842,1,4
5048,842,2,3
5049,842,3,5
5050,842,4,5
5051,842,5,5
5052,842,6,3
5053,843,1,5
5054,843,2,5
5055,843,3,5
5056,843,4,3
5057,843,5,4
5058,843,6,5
5059,844,1,5
5060,844,2,4
5061,844,3,3
5062,844,4,5
5063,844,5,3
5064,844,6,3
5065,845,1,3
5066,845,2,5
5067,845,3,3
5068,845,4,5
5069,845,5,5
5070,845,6,5
5071,846,1,3
5072,846,2,4
5073,846,3,4
5074,846,4,3
5075,846,5,3
5076,846,6,4
5077,847,1,5
5078,847,2,5
5079,847,3,3
5080,847,4,5
5081,847,5,4
5082,847,6,3
5083,848,1,3
5084,848,2,5
5085,848,3,5
5086,848,4,4
5087,848,5,4
5088,848,6,3
5089,849,1,3
5090,849,2,3
5091,849,3,5
5092,849,4,4
5093,849,5,4
5094,849,6,5
5095,850,1,5
5096,850,2,3
5097,850,3,4
5098,850,4,4
5099,850,5,4
5100,850,6,5
5101,851,1,4
5102,851,2,4
5103,851,3,5
5104,851,4,4
5105,851,5,4
5106,851,6,3
5107,852,1,4
5108,852,2,3
5109,852,3,5
5110,852,4,3
5111,852,5,5
5112,852,6,3
5113,853,1,5
5114,853,2,3
5115,853,3,4
5116,853,4,5
5117,853,5,3
5118,853,6,4
5119,854,1,3
5120,854,2,3
5121,854,3,4
5122,854,4,3
5123,854,5,3
5124,854,6,3
5125,855,1,5
5126,855,2,4
5127,855,3,4
5128,855,4,4
5129,855,5,5
5130,855,6,3
5131,856,1,3
5132,856,2,4
5133,856,3,3
5134,856,4,4
5135,856,5,3
5136,856,6,5
5137,857,1,5
5138,857,2,5
5139,857,3,3
5140,857,4,3
5141,857,5,3
5142,857,6,5
5143,858,1,4
5144,858,2,4
5145,858,3,4
5146,858,4,5
5147,858,5,3
5148,858,6,5
5149,859,1,4
5150,859,2,5
5151,859,3,5
5152,859,4,4
5153,859,5,5
5154,859,6,3
5155,860,1,5
5156,860,2,3
5157,860,3,3
5158,860,4,3
5159,860,5,3
5160,860,6,5
5161,861,1,5
5162,861,2,4
5163,861,3,4
5164,861,4,3
5165,861,5,3
5166,861,6,5
5167,862,1,3
5168,862,2,5
5169,862,3,4
5170,862,4,4
5171,862,5,4
5172,862,6,5
5173,863,1,3
5174,863,2,4
5175,863,3,3
5176,863,4,4
5177,863,5,5
5178,863,6,3
5179,864,1,4
5180,864,2,4
5181,864,3,4
5182,864,4,5
5183,864,5,4
5184,864,6,4
5185,865,1,3
5186,865,2,5
5187,865,3,3
5188,865,4,5
5189,865,5,5
5190,865,6,5
5191,866,1,3
5192,866,2,5
5193,866,3,5
5194,866,4,3
5195,866,5,4
5196,866,6,4
5197,867,1,5
5198,867,2,3
5199,867,3,5
5200,867,4,4
5201,867,5,5
5202,867,6,3
5203,868,1,5
5204,868,2,4
5205,868,3,5
5206,868,4,5
5207,868,5,3
5208,868,6,4
5209,869,1,4
5210,869,2,4
5211,869,3,3
5212,869,4,3
5213,869,5,5
5214,869,6,3
5215,870,1,5
5216,870,2,3
5217,870,3,4
5218,870,4,3
5219,870,5,4
5220,870,6,4
5221,871,1,5
5222,871,2,5
5223,871,3,4
5224,871,4,3
5225,871,5,4
5226,871,6,3
5227,872,1,5
5228,872,2,4
5229,872,3,4
5230,872,4,3
5231,872,5,4
5232,872,6,5
5233,873,1,3
5234,873,2,3
5235,873,3,5
5236,873,4,5
5237,873,5,3
5238,873,6,5
5239,874,1,5
5240,874,2,4
5241,874,3,4
5242,874,4,5
5243,874,5,4
5244,874,6,3
5245,875,1,3
5246,875,2,3
5247,875,3,3
5248,875,4,4
5249,875,5,4
5250,875,6,5
5251,876,1,5
5252,876,2,3
5253,876,3,5
5254,876,4,5
5255,876,5,5
5256,876,6,4
5257,877,1,5
5258,877,2,3
5259,877,3,3
5260,877,4,4
5261,877,5,5
5262,877,6,4
5263,878,1,4
5264,878,2,4
5265,878,3,3
5266,878,4,4
5267,878,5,5
5268,878,6,3
5269,879,1,5
5270,879,2,3
5271,879,3,3
5272,879,4,5
5273,879,5,4
5274,879,6,5
5275,880,1,4
5276,880,2,4
5277,880,3,4
5278,880,4,3
5279,880,5,3
5280,880,6,4
5281,881,1,5
5282,881,2,5
5283,881,3,4
5284,881,4,4
5285,881,5,3
5286,881,6,4
5287,882,1,4
5288,882,2,4
5289,882,3,4
5290,882,4,3
5291,882,5,5
5292,882,6,4
5293,883,1,5
5294,883,2,3
5295,883,3,4
5296,883,4,5
5297,883,5,4
5298,883,6,3
5299,884,1,5
5300,884,2,3
5301,884,3,5
5302,884,4,4
5303,884,5,5
5304,884,6,3
5305,885,1,3
5306,885,2,5
5307,885,3,4
5308,885,4,4
5309,885,5,4
5310,885,6,5
5311,886,1,5
5312,886,2,4
5313,886,3,3
5314,886,4,5
5315,886,5,5
5316,886,6,3
5317,887,1,3
5318,887,2,3
5319,887,3,3
5320,887,4,4
5321,887,5,3
5322,887,6,4
5323,888,1,4
5324,888,2,4
5325,888,3,5
5326,888,4,5
5327,888,5,3
5328,888,6,5
5329,889,1,3
5330,889,2,4
5331,889,3,4
5332,889,4,5
5333,889,5,4
5334,889,6,5
5335,890,1,5
5336,890,2,5
5337,890,3,5
5338,890,4,4
5339,890,5,5
5340,890,6,4
5341,891,1,4
5342,891,2,4
5343,891,3,3
5344,891,4,3
5345,891,5,5
5346,891,6,5
5347,892,1,4
5348,892,2,5
5349,892,3,4
5350,892,4,4
5351,892,5,3
5352,892,6,4
5353,893,1,5
5354,893,2,4
5355,893,3,5
5356,893,4,5
5357,893,5,4
5358,893,6,4
5359,894,1,5
5360,894,2,3
5361,894,3,5
5362,894,4,4
5363,894,5,3
5364,894,6,4
5365,895,1,4
5366,895,2,5
5367,895,3,3
5368,895,4,4
5369,895,5,3
5370,895,6,5
5371,896,1,3
5372,896,2,5
5373,896,3,4
5374,896,4,3
5375,896,5,3
5376,896,6,4
5377,897,1,5
5378,897,2,4
5379,897,3,5
5380,897,4,3
5381,897,5,5
5382,897,6,5
5383,898,1,3
5384,898,2,3
5385,898,3,4
5386,898,4,3
5387,898,5,4
5388,898,6,5
5389,899,1,4
5390,899,2,5
5391,899,3,3
5392,899,4,3
5393,899,5,3
5394,899,6,4
5395,900,1,4
5396,900,2,5
5397,900,3,5
5398,900,4,5
5399,900,5,5
5400,900,6,4
5401,901,1,3
5402,901,2,5
5403,901,3,5
5404,901,4,5
5405,901,5,5
5406,901,6,4
5407,902,1,5
5408,902,2,5
5409,902,3,5
5410,902,4,3
5411,902,5,4
5412,902,6,4
5413,903,1,4
5414,903,2,4
5415,903,3,4
5416,903,4,4
5417,903,5,4
5418,903,6,3
5419,904,1,5
5420,904,2,4
5421,904,3,3
5422,904,4,5
5423,904,5,5
5424,904,6,5
5425,905,1,3
5426,905,2,3
5427,905,3,5
5428,905,4,5
5429,905,5,5
5430,905,6,4
5431,906,1,3
5432,906,2,4
5433,906,3,4
5434,906,4,5
5435,906,5,4
5436,906,6,3
5437,907,1,5
5438,907,2,4
5439,907,3,4
5440,907,4,3
5441,907,5,3
5442,907,6,5
5443,908,1,4
5444,908,2,3
5445,908,3,4
5446,908,4,4
5447,908,5,3
5448,908,6,3
5449,909,1,4
5450,909,2,3
5451,909,3,5
5452,909,4,3
5453,909,5,5
5454,909,6,5
5455,910,1,5
5456,910,2,3
5457,910,3,3
5458,910,4,4
5459,910,5,4
5460,910,6,5
5461,911,1,3
5462,911,2,5
5463,911,3,3
5464,911,4,4
5465,911,5,5
5466,911,6,4
5467,912,1,3
5468,912,2,4
5469,912,3,5
5470,912,4,5
5471,912,5,3
5472,912,6,5
5473,913,1,4
5474,913,2,5
5475,913,3,5
5476,913,4,4
5477,913,5,3
5478,913,6,5
5479,914,1,4
5480,914,2,4
5481,914,3,4
5482,914,4,5
5483,914,5,5
5484,914,6,3
5485,915,1,5
5486,915,2,5
5487,915,3,3
5488,915,4,5
5489,915,5,5
5490,915,6,4
5491,916,1,5
5492,916,2,4
5493,916,3,5
5494,916,4,5
5495,916,5,4
5496,916,6,4
5497,917,1,3
5498,917,2,4
5499,917,3,5
5500,917,4,4
5501,917,5,4
5502,917,6,5
5503,918,1,3
5504,918,2,3
5505,918,3,4
5506,918,4,4
5507,918,5,3
5508,918,6,4
5509,919,1,5
5510,919,2,3
5511,919,3,5
5512,919,4,5
5513,919,5,5
5514,919,6,3
5515,920,1,3
5516,920,2,5
5517,920,3,4
5518,920,4,5
5519,920,5,4
5520,920,6,3
5521,921,1,3
5522,921,2,4
5523,921,3,5
5524,921,4,3
5525,921,5,4
5526,921,6,3
5527,922,1,5
5528,922,2,5
5529,922,3,5
5530,922,4,4
5531,922,5,5
5532,922,6,5
5533,923,1,3
5534,923,2,5
5535,923,3,3
5536,923,4,5
5537,923,5,4
5538,923,6,4
5539,924,1,4
5540,924,2,5
5541,924,3,4
5542,924,4,3
5543,924,5,5
5544,924,6,3
5545,925,1,5
5546,925,2,4
5547,925,3,5
5548,925,4,4
5549,925,5,3
5550,925,6,5
5551,926,1,3
5552,926,2,4
5553,926,3,4
5554,926,4,5
5555,926,5,3
5556,926,6,3
5557,927,1,4
5558,927,2,5
5559,927,3,3
5560,927,4,4
5561,927,5,4
5562,927,6,5
5563,928,1,5
5564,928,2,4
5565,928,3,3
5566,928,4,3
5567,928,5,5
5568,928,6,5
5569,929,1,4
5570,929,2,4
5571,929,3,3
5572,929,4,3
5573,929,5,5
5574,929,6,5
5575,930,1,5
5576,930,2,4
5577,930,3,3
5578,930,4,3
5579,930,5,3
5580,930,6,3
5581,931,1,3
5582,931,2,3
5583,931,3,5
5584,931,4,5
5585,931,5,3
5586,931,6,4
5587,932,1,3
5588,932,2,3
5589,932,3,5
5590,932,4,4
5591,932,5,3
5592,932,6,4
5593,933,1,3
5594,933,2,5
5595,933,3,4
5596,933,4,5
5597,933,5,4
5598,933,6,4
5599,934,1,4
5600,934,2,5
5601,934,3,5
5602,934,4,3
5603,934,5,5
5604,934,6,3
5605,935,1,5
5606,935,2,5
5607,935,3,3
5608,935,4,5
5609,935,5,4
5610,935,6,5
5611,936,1,3
5612,936,2,5
5613,936,3,5
5614,936,4,4
5615,936,5,3
5616,936,6,5
5617,937,1,3
5618,937,2,3
5619,937,3,4
5620,937,4,4
5621,937,5,5
5622,937,6,5
5623,938,1,4
5624,938,2,5
5625,938,3,5
5626,938,4,5
5627,938,5,4
5628,938,6,3
5629,939,1,3
5630,939,2,5
5631,939,3,5
5632,939,4,5
5633,939,5,4
5634,939,6,5
5635,940,1,5
5636,940,2,4
5637,940,3,3
5638,940,4,5
5639,940,5,5
5640,940,6,3
5641,941,1,5
5642,941,2,5
5643,941,3,5
5644,941,4,4
5645,941,5,5
5646,941,6,3
5647,942,1,3
5648,942,2,5
5649,942,3,5
5650,942,4,4
5651,942,5,3
5652,942,6,4
5653,943,1,4
5654,943,2,3
5655,943,3,4
5656,943,4,5
5657,943,5,3
5658,943,6,4
5659,944,1,3
5660,944,2,4
5661,944,3,3
5662,944,4,4
5663,944,5,3
5664,944,6,5
5665,945,1,5
5666,945,2,3
5667,945,3,5
5668,945,4,4
5669,945,5,5
5670,945,6,3
5671,946,1,4
5672,946,2,3
5673,946,3,4
5674,946,4,5
5675,946,5,4
5676,946,6,4
5677,947,1,3
5678,947,2,4
5679,947,3,3
5680,947,4,5
5681,947,5,4
5682,947,6,4
5683,948,1,5
5684,948,2,3
5685,948,3,5
5686,948,4,4
5687,948,5,5
5688,948,6,3
5689,949,1,4
5690,949,2,5
5691,949,3,4
5692,949,4,3
5693,949,5,5
5694,949,6,3
5695,950,1,3
5696,950,2,3
5697,950,3,3
5698,950,4,5
5699,950,5,4
5700,950,6,4
5701,951,1,3
5702,951,2,3
5703,951,3,4
5704,951,4,4
5705,951,5,5
5706,951,6,5
5707,952,1,5
5708,952,2,3
5709,952,3,4
5710,952,4,5
5711,952,5,4
5712,952,6,3
5713,953,1,4
5714,953,2,3
5715,953,3,3
5716,953,4,3
5717,953,5,4
5718,953,6,4
5719,954,1,5
5720,954,2,5
5721,954,3,5
5722,954,4,4
5723,954,5,5
5724,954,6,5
5725,955,1,3
5726,955,2,5
5727,955,3,3
5728,955,4,5
5729,955,5,3
5730,955,6,4
5731,956,1,4
5732,956,2,3
5733,956,3,3
5734,956,4,4
5735,956,5,4
5736,956,6,5
5737,957,1,3
5738,957,2,3
5739,957,3,3
5740,957,4,3
5741,957,5,4
5742,957,6,5
5743,958,1,5
5744,958,2,3
5745,958,3,3
5746,958,4,4
5747,958,5,3
5748,958,6,5
5749,959,1,4
5750,959,2,4
5751,959,3,5
5752,959,4,5
5753,959,5,3
5754,959,6,3
5755,960,1,4
5756,960,2,3
5757,960,3,4
5758,960,4,4
5759,960,5,3
5760,960,6,4
5761,961,1,5
5762,961,2,5
5763,961,3,4
5764,961,4,4
5765,961,5,3
5766,961,6,5
5767,962,1,3
5768,962,2,3
5769,962,3,4
5770,962,4,3
5771,962,5,5
5772,962,6,3
5773,963,1,4
5774,963,2,5
5775,963,3,3
5776,963,4,3
5777,963,5,5
5778,963,6,5
5779,964,1,5
5780,964,2,3
5781,964,3,5
5782,964,4,4
5783,964,5,5
5784,964,6,3
5785,965,1,4
5786,965,2,5
5787,965,3,5
5788,965,4,5
5789,965,5,4
5790,965,6,4
5791,966,1,5
5792,966,2,5
5793,966,3,5
5794,966,4,5
5795,966,5,4
5796,966,6,3
5797,967,1,3
5798,967,2,4
5799,967,3,5
5800,967,4,3
5801,967,5,3
5802,967,6,4
5803,968,1,5
5804,968,2,3
5805,968,3,3
5806,968,4,5
5807,968,5,5
5808,968,6,4
5809,969,1,4
5810,969,2,4
5811,969,3,4
5812,969,4,3
5813,969,5,4
5814,969,6,4
5815,970,1,4
5816,970,2,3
5817,970,3,3
5818,970,4,5
5819,970,5,3
5820,970,6,4
5821,971,1,5
5822,971,2,5
5823,971,3,3
5824,971,4,4
5825,971,5,5
5826,971,6,5
5827,972,1,4
5828,972,2,3
5829,972,3,3
5830,972,4,5
5831,972,5,3
5832,972,6,5
5833,973,1,4
5834,973,2,3
5835,973,3,4
5836,973,4,4
5837,973,5,5
5838,973,6,3
5839,974,1,3
5840,974,2,4
5841,974,3,3
5842,974,4,3
5843,974,5,4
5844,974,6,5
5845,975,1,5
5846,975,2,4
5847,975,3,3
5848,975,4,4
5849,975,5,3
5850,975,6,3
5851,976,1,5
5852,976,2,5
5853,976,3,5
5854,976,4,4
5855,976,5,4
5856,976,6,5
5857,977,1,3
5858,977,2,3
5859,977,3,5
5860,977,4,3
5861,977,5,3
5862,977,6,4
5863,978,1,3
5864,978,2,3
5865,978,3,4
5866,978,4,4
5867,978,5,5
5868,978,6,4
5869,979,1,3
5870,979,2,3
5871,979,3,4
5872,979,4,5
5873,979,5,4
5874,979,6,3
5875,980,1,4
5876,980,2,4
5877,980,3,4
5878,980,4,5
5879,980,5,4
5880,980,6,4
5881,981,1,3
5882,981,2,5
5883,981,3,3
5884,981,4,5
5885,981,5,3
5886,981,6,5
5887,982,1,4
5888,982,2,3
5889,982,3,4
5890,982,4,5
5891,982,5,5
5892,982,6,3
5893,983,1,5
5894,983,2,4
5895,983,3,4
5896,983,4,4
5897,983,5,5
5898,983,6,4
5899,984,1,5
5900,984,2,4
5901,984,3,5
5902,984,4,5
5903,984,5,3
5904,984,6,3
5905,985,1,4
5906,985,2,4
5907,985,3,4
5908,985,4,3
5909,985,5,3
5910,985,6,4
5911,986,1,3
5912,986,2,4
5913,986,3,3
5914,986,4,4
5915,986,5,5
5916,986,6,4
5917,987,1,3
5918,987,2,5
5919,987,3,5
5920,987,4,5
5921,987,5,5
5922,987,6,4
5923,988,1,3
5924,988,2,4
5925,988,3,4
5926,988,4,4
5927,988,5,5
5928,988,6,5
5929,989,1,5
5930,989,2,3
5931,989,3,4
5932,989,4,3
5933,989,5,3
5934,989,6,4
5935,990,1,5
5936,990,2,4
5937,990,3,3
5938,990,4,4
5939,990,5,5
5940,990,6,4
5941,991,1,4
5942,991,2,3
5943,991,3,5
5944,991,4,4
5945,991,5,4
5946,991,6,3
5947,992,1,4
5948,992,2,4
5949,992,3,3
5950,992,4,3
5951,992,5,5
5952,992,6,3
5953,993,1,5
5954,993,2,4
5955,993,3,4
5956,993,4,4
5957,993,5,5
5958,993,6,5
5959,994,1,5
5960,994,2,5
5961,994,3,5
5962,994,4,3
5963,994,5,3
5964,994,6,3
5965,995,1,3
5966,995,2,4
5967,995,3,4
5968,995,4,5
5969,995,5,5
5970,995,6,5
5971,996,1,5
5972,996,2,4
5973,996,3,5
5974,996,4,5
5975,996,5,5
5976,996,6,5
5977,997,1,3
5978,997,2,3
5979,997,3,3
5980,997,4,3
5981,997,5,5
5982,997,6,4
5983,998,1,5
5984,998,2,3
5985,998,3,3
5986,998,4,3
5987,998,5,5
5988,998,6,5
5989,999,1,4
5990,999,2,3
5991,999,3,4
5992,999,4,3
5993,999,5,4
5994,999,6,5
5995,1000,1,4
5996,1000,2,5
5997,1000,3,4
5998,1000,4,3
5999,1000,5,5
6000,1000,6,4
6001,1001,1,5
6002,1001,2,3
6003,1001,3,3
6004,1001,4,4
6005,1001,5,4
6006,1001,6,4
6007,1002,1,5
6008,1002,2,3
6009,1002,3,4
6010,1002,4,4
6011,1002,5,3
6012,1002,6,5
6013,1003,1,3
6014,1003,2,4
6015,1003,3,4
6016,1003,4,5
6017,1003,5,4
6018,1003,6,4
6019,1004,1,4
6020,1004,2,3
6021,1004,3,3
6022,1004,4,4
6023,1004,5,3
6024,1004,6,3
6025,1005,1,5
6026,1005,2,5
6027,1005,3,4
6028,1005,4,4
6029,1005,5,3
6030,1005,6,3
6031,1006,1,3
6032,1006,2,4
6033,1006,3,4
6034,1006,4,4
6035,1006,5,4
6036,1006,6,3
6037,1007,1,4
6038,1007,2,5
6039,1007,3,4
6040,1007,4,5
6041,1007,5,5
6042,1007,6,3
6043,1008,1,4
6044,1008,2,3
6045,1008,3,3
6046,1008,4,3
6047,1008,5,4
6048,1008,6,4
6049,1009,1,3
6050,1009,2,5
6051,1009,3,4
6052,1009,4,3
6053,1009,5,5
6054,1009,6,3
6055,1010,1,5
6056,1010,2,5
6057,1010,3,5
6058,1010,4,4
6059,1010,5,3
6060,1010,6,3
6061,1011,1,4
6062,1011,2,4
6063,1011,3,3
6064,1011,4,3
6065,1011,5,5
6066,1011,6,3
6067,1012,1,3
6068,1012,2,4
6069,1012,3,4
6070,1012,4,5
6071,1012,5,5
6072,1012,6,3
6073,1013,1,4
6074,1013,2,4
6075,1013,3,5
6076,1013,4,3
6077,1013,5,5
6078,1013,6,4
6079,1014,1,5
6080,1014,2,3
6081,1014,3,4
6082,1014,4,4
6083,1014,5,5
6084,1014,6,3
6085,1015,1,5
6086,1015,2,3
6087,1015,3,5
6088,1015,4,5
6089,1015,5,4
6090,1015,6,5
6091,1016,1,5
6092,1016,2,3
6093,1016,3,5
6094,1016,4,4
6095,1016,5,4
6096,1016,6,5
6097,1017,1,5
6098,1017,2,5
6099,1017,3,3
6100,1017,4,5
6101,1017,5,4
6102,1017,6,3
6103,1018,1,5
6104,1018,2,4
6105,1018,3,5
6106,1018,4,5
6107,1018,5,3
6108,1018,6,4
6109,1019,1,5
6110,1019,2,4
6111,1019,3,5
6112,1019,4,4
6113,1019,5,5
6114,1019,6,4
6115,1020,1,4
6116,1020,2,3
6117,1020,3,4
6118,1020,4,3
6119,1020,5,4
6120,1020,6,4
6121,1021,1,5
6122,1021,2,4
6123,1021,3,4
6124,1021,4,4
6125,1021,5,5
6126,1021,6,3
6127,1022,1,5
6128,1022,2,3
6129,1022,3,4
6130,1022,4,3
6131,1022,5,5
6132,1022,6,3
6133,1023,1,5
6134,1023,2,5
6135,1023,3,5
6136,1023,4,5
6137,1023,5,5
6138,1023,6,3
6139,1024,1,5
6140,1024,2,5
6141,1024,3,4
6142,1024,4,3
6143,1024,5,4
6144,1024,6,3
6145,1025,1,4
6146,1025,2,3
6147,1025,3,5
6148,1025,4,3
6149,1025,5,5
6150,1025,6,3
6151,1026,1,5
6152,1026,2,3
6153,1026,3,4
6154,1026,4,4
6155,1026,5,5
6156,1026,6,4
6157,1027,1,3
6158,1027,2,4
6159,1027,3,5
6160,1027,4,4
6161,1027,5,5
6162,1027,6,4
6163,1028,1,5
6164,1028,2,4
6165,1028,3,4
6166,1028,4,5
6167,1028,5,3
6168,1028,6,5
6169,1029,1,3
6170,1029,2,4
6171,1029,3,5
6172,1029,4,3
6173,1029,5,4
6174,1029,6,3
6175,1030,1,3
6176,1030,2,3
6177,1030,3,3
6178,1030,4,4
6179,1030,5,4
6180,1030,6,5
6181,1031,1,5
6182,1031,2,3
6183,1031,3,3
6184,1031,4,3
6185,1031,5,5
6186,1031,6,3
6187,1032,1,3
6188,1032,2,3
6189,1032,3,5
6190,1032,4,5
6191,1032,5,4
6192,1032,6,3
6193,1033,1,4
6194,1033,2,5
6195,1033,3,4
6196,1033,4,5
6197,1033,5,3
6198,1033,6,3
6199,1034,1,5
6200,1034,2,3
6201,1034,3,5
6202,1034,4,4
6203,1034,5,5
6204,1034,6,3
6205,1035,1,5
6206,1035,2,3
6207,1035,3,3
6208,1035,4,5
6209,1035,5,4
6210,1035,6,5
6211,1036,1,4
6212,1036,2,5
6213,1036,3,4
6214,1036,4,5
6215,1036,5,4
6216,1036,6,3
6217,1037,1,5
6218,1037,2,5
6219,1037,3,3
6220,1037,4,5
6221,1037,5,4
6222,1037,6,5
6223,1038,1,4
6224,1038,2,3
6225,1038,3,5
6226,1038,4,5
6227,1038,5,3
6228,1038,6,3
6229,1039,1,3
6230,1039,2,3
6231,1039,3,4
6232,1039,4,3
6233,1039,5,4
6234,1039,6,5
6235,1040,1,3
6236,1040,2,5
6237,1040,3,5
6238,1040,4,3
6239,1040,5,5
6240,1040,6,5
6241,1041,1,3
6242,1041,2,3
6243,1041,3,4
6244,1041,4,4
6245,1041,5,3
6246,1041,6,5
6247,1042,1,4
6248,1042,2,3
6249,1042,3,5
6250,1042,4,3
6251,1042,5,4
6252,1042,6,4
6253,1043,1,5
6254,1043,2,3
6255,1043,3,3
6256,1043,4,3
6257,1043,5,5
6258,1043,6,4
6259,1044,1,5
6260,1044,2,5
6261,1044,3,5
6262,1044,4,4
6263,1044,5,4
6264,1044,6,5
6265,1045,1,4
6266,1045,2,5
6267,1045,3,4
6268,1045,4,4
6269,1045,5,4
6270,1045,6,4
6271,1046,1,4
6272,1046,2,4
6273,1046,3,4
6274,1046,4,4
6275,1046,5,3
6276,1046,6,3
6277,1047,1,3
6278,1047,2,5
6279,1047,3,3
6280,1047,4,3
6281,1047,5,4
6282,1047,6,5
6283,1048,1,5
6284,1048,2,3
6285,1048,3,4
6286,1048,4,3
6287,1048,5,4
6288,1048,6,3
6289,1049,1,4
6290,1049,2,3
6291,1049,3,5
6292,1049,4,3
6293,1049,5,3
6294,1049,6,3
6295,1050,1,5
6296,1050,2,3
6297,1050,3,4
6298,1050,4,5
6299,1050,5,5
6300,1050,6,5
6301,1051,1,3
6302,1051,2,5
6303,1051,3,5
6304,1051,4,4
6305,1051,5,3
6306,1051,6,4
6307,1052,1,3
6308,1052,2,3
6309,1052,3,5
6310,1052,4,4
6311,1052,5,3
6312,1052,6,3
6313,1053,1,3
6314,1053,2,5
6315,1053,3,5
6316,1053,4,3
6317,1053,5,5
6318,1053,6,3
6319,1054,1,4
6320,1054,2,5
6321,1054,3,5
6322,1054,4,4
6323,1054,5,4
6324,1054,6,3
6325,1055,1,3
6326,1055,2,3
6327,1055,3,5
6328,1055,4,3
6329,1055,5,4
6330,1055,6,3
6331,1056,1,4
6332,1056,2,4
6333,1056,3,3
6334,1056,4,5
6335,1056,5,5
6336,1056,6,5
6337,1057,1,4
6338,1057,2,4
6339,1057,3,5
6340,1057,4,3
6341,1057,5,3
6342,1057,6,3
6343,1058,1,3
6344,1058,2,5
6345,1058,3,3
6346,1058,4,3
6347,1058,5,3
6348,1058,6,3
6349,1059,1,5
6350,1059,2,4
6351,1059,3,3
6352,1059,4,5
6353,1059,5,5
6354,1059,6,4
6355,1060,1,5
6356,1060,2,3
6357,1060,3,4
6358,1060,4,5
6359,1060,5,5
6360,1060,6,3
6361,1061,1,5
6362,1061,2,3
6363,1061,3,4
6364,1061,4,4
6365,1061,5,3
6366,1061,6,3
6367,1062,1,4
6368,1062,2,5
6369,1062,3,5
6370,1062,4,5
6371,1062,5,3
6372,1062,6,4
6373,1063,1,3
6374,1063,2,5
6375,1063,3,3
6376,1063,4,4
6377,1063,5,3
6378,1063,6,4
6379,1064,1,5
6380,1064,2,5
6381,1064,3,3
6382,1064,4,5
6383,1064,5,4
6384,1064,6,5
6385,1065,1,4
6386,1065,2,3
6387,1065,3,5
6388,1065,4,3
6389,1065,5,3
6390,1065,6,4
6391,1066,1,5
6392,1066,2,3
6393,1066,3,3
6394,1066,4,5
6395,1066,5,3
6396,1066,6,5
6397,1067,1,4
6398,1067,2,5
6399,1067,3,4
6400,1067,4,5
6401,1067,5,3
6402,1067,6,3
6403,1068,1,4
6404,1068,2,3
6405,1068,3,3
6406,1068,4,5
6407,1068,5,5
6408,1068,6,3
6409,1069,1,3
6410,1069,2,4
6411,1069,3,4
6412,1069,4,5
6413,1069,5,4
6414,1069,6,4
6415,1070,1,4
6416,1070,2,5
6417,1070,3,3
6418,1070,4,5
6419,1070,5,3
6420,1070,6,3
6421,1071,1,3
6422,1071,2,4
6423,1071,3,5
6424,1071,4,4
6425,1071,5,4
6426,1071,6,5
6427,1072,1,5
6428,1072,2,4
6429,1072,3,5
6430,1072,4,3
6431,1072,5,5
6432,1072,6,3
6433,1073,1,5
6434,1073,2,4
6435,1073,3,5
6436,1073,4,3
6437,1073,5,5
6438,1073,6,4
6439,1074,1,3
6440,1074,2,4
6441,1074,3,4
6442,1074,4,3
6443,1074,5,5
6444,1074,6,3
6445,1075,1,4
6446,1075,2,5
6447,1075,3,3
6448,1075,4,4
6449,1075,5,5
6450,1075,6,5
6451,1076,1,5
6452,1076,2,5
6453,1076,3,5
6454,1076,4,5
6455,1076,5,3
6456,1076,6,5
6457,1077,1,5
6458,1077,2,5
6459,1077,3,3
6460,1077,4,3
6461,1077,5,5
6462,1077,6,5
6463,1078,1,4
6464,1078,2,5
6465,1078,3,4
6466,1078,4,5
6467,1078,5,3
6468,1078,6,3
6469,1079,1,3
6470,1079,2,5
6471,1079,3,3
6472,1079,4,3
6473,1079,5,5
6474,1079,6,5
6475,1080,1,3
6476,1080,2,3
6477,1080,3,3
6478,1080,4,4
6479,1080,5,4
6480,1080,6,4
6481,1081,1,5
6482,1081,2,4
6483,1081,3,4
6484,1081,4,5
6485,1081,5,3
6486,1081,6,5
6487,1082,1,4
6488,1082,2,4
6489,1082,3,5
6490,1082,4,4
6491,1082,5,3
6492,1082,6,5
6493,1083,1,4
6494,1083,2,3
6495,1083,3,4
6496,1083,4,5
6497,1083,5,5
6498,1083,6,4
6499,1084,1,3
6500,1084,2,3
6501,1084,3,4
6502,1084,4,4
6503,1084,5,4
6504,1084,6,5
6505,1085,1,4
6506,1085,2,3
6507,1085,3,4
6508,1085,4,4
6509,1085,5,4
6510,1085,6,5
6511,1086,1,5
6512,1086,2,5
6513,1086,3,5
6514,1086,4,3
6515,1086,5,5
6516,1086,6,4
6517,1087,1,4
6518,1087,2,3
6519,1087,3,5
6520,1087,4,5
6521,1087,5,4
6522,1087,6,5
6523,1088,1,5
6524,1088,2,4
6525,1088,3,5
6526,1088,4,3
6527,1088,5,4
6528,1088,6,5
6529,1089,1,5
6530,1089,2,5
6531,1089,3,3
6532,1089,4,4
6533,1089,5,4
6534,1089,6,3
6535,1090,1,3
6536,1090,2,3
6537,1090,3,4
6538,1090,4,3
6539,1090,5,3
6540,1090,6,4
6541,1091,1,5
6542,1091,2,3
6543,1091,3,3
6544,1091,4,4
6545,1091,5,5
6546,1091,6,4
6547,1092,1,4
6548,1092,2,5
6549,1092,3,4
6550,1092,4,3
6551,1092,5,3
6552,1092,6,3
6553,1093,1,4
6554,1093,2,4
6555,1093,3,5
6556,1093,4,4
6557,1093,5,5
6558,1093,6,4
6559,1094,1,3
6560,1094,2,4
6561,1094,3,4
6562,1094,4,4
6563,1094,5,5
6564,1094,6,3
6565,1095,1,3
6566,1095,2,5
6567,1095,3,3
6568,1095,4,3
6569,1095,5,4
6570,1095,6,5
6571,1096,1,4
6572,1096,2,4
6573,1096,3,4
6574,1096,4,4
6575,1096,5,4
6576,1096,6,4
6577,1097,1,3
6578,1097,2,3
6579,1097,3,3
6580,1097,4,3
6581,1097,5,5
6582,1097,6,5
6583,1098,1,4
6584,1098,2,4
6585,1098,3,5
6586,1098,4,4
6587,1098,5,4
6588,1098,6,5
6589,1099,1,4
6590,1099,2,4
6591,1099,3,3
6592,1099,4,5
6593,1099,5,4
6594,1099,6,5
6595,1100,1,3
6596,1100,2,4
6597,1100,3,4
6598,1100,4,3
6599,1100,5,5
6600,1100,6,3
6601,1101,1,5
6602,1101,2,3
6603,1101,3,3
6604,1101,4,4
6605,1101,5,3
6606,1101,6,5
6607,1102,1,4
6608,1102,2,3
6609,1102,3,4
6610,1102,4,5
6611,1102,5,4
6612,1102,6,5
6613,1103,1,3
6614,1103,2,3
6615,1103,3,4
6616,1103,4,3
6617,1103,5,5
6618,1103,6,4
6619,1104,1,5
6620,1104,2,4
6621,1104,3,3
6622,1104,4,5
6623,1104,5,5
6624,1104,6,5
6625,1105,1,4
6626,1105,2,3
6627,1105,3,3
6628,1105,4,3
6629,1105,5,4
6630,1105,6,4
6631,1106,1,5
6632,1106,2,4
6633,1106,3,5
6634,1106,4,4
6635,1106,5,5
6636,1106,6,3
6637,1107,1,4
6638,1107,2,5
6639,1107,3,4
6640,1107,4,3
6641,1107,5,5
6642,1107,6,4
6643,1108,1,5
6644,1108,2,4
6645,1108,3,3
6646,1108,4,4
6647,1108,5,3
6648,1108,6,5
6649,1109,1,3
6650,1109,2,4
6651,1109,3,5
6652,1109,4,5
6653,1109,5,5
6654,1109,6,3
6655,1110,1,4
6656,1110,2,5
6657,1110,3,5
6658,1110,4,5
6659,1110,5,3
6660,1110,6,5
6661,1111,1,3
6662,1111,2,4
6663,1111,3,3
6664,1111,4,5
6665,1111,5,4
6666,1111,6,5
6667,1112,1,4
6668,1112,2,5
6669,1112,3,5
6670,1112,4,5
6671,1112,5,5
6672,1112,6,5
6673,1113,1,5
6674,1113,2,5
6675,1113,3,3
6676,1113,4,3
6677,1113,5,4
6678,1113,6,3
6679,1114,1,4
6680,1114,2,4
6681,1114,3,4
6682,1114,4,3
6683,1114,5,4
6684,1114,6,3
6685,1115,1,4
6686,1115,2,3
6687,1115,3,4
6688,1115,4,5
6689,1115,5,3
6690,1115,6,3
6691,1116,1,5
6692,1116,2,5
6693,1116,3,3
6694,1116,4,4
6695,1116,5,3
6696,1116,6,3
6697,1117,1,4
6698,1117,2,3
6699,1117,3,4
6700,1117,4,3
6701,1117,5,3
6702,1117,6,3
6703,1118,1,5
6704,1118,2,3
6705,1118,3,3
6706,1118,4,3
6707,1118,5,5
6708,1118,6,4
6709,1119,1,5
6710,1119,2,3
6711,1119,3,4
6712,1119,4,5
6713,1119,5,4
6714,1119,6,3
6715,1120,1,5
6716,1120,2,4
6717,1120,3,3
6718,1120,4,5
6719,1120,5,4
6720,1120,6,5
6721,1121,1,5
6722,1121,2,4
6723,1121,3,5
6724,1121,4,5
6725,1121,5,5
6726,1121,6,5
6727,1122,1,3
6728,1122,2,3
6729,1122,3,3
6730,1122,4,3
6731,1122,5,3
6732,1122,6,5
6733,1123,1,3
6734,1123,2,5
6735,1123,3,5
6736,1123,4,4
6737,1123,5,4
6738,1123,6,5
6739,1124,1,4
6740,1124,2,4
6741,1124,3,5
6742,1124,4,4
6743,1124,5,5
6744,1124,6,4
6745,1125,1,5
6746,1125,2,3
6747,1125,3,3
6748,1125,4,4
6749,1125,5,3
6750,1125,6,5
6751,1126,1,5
6752,1126,2,5
6753,1126,3,5
6754,1126,4,4
6755,1126,5,5
6756,1126,6,4
6757,1127,1,3
6758,1127,2,5
6759,1127,3,4
6760,1127,4,4
6761,1127,5,3
6762,1127,6,3
6763,1128,1,3
6764,1128,2,3
6765,1128,3,5
6766,1128,4,4
6767,1128,5,5
6768,1128,6,4
6769,1129,1,3
6770,1129,2,5
6771,1129,3,4
6772,1129,4,3
6773,1129,5,4
6774,1129,6,3
6775,1130,1,3
6776,1130,2,3
6777,1130,3,3
6778,1130,4,5
6779,1130,5,3
6780,1130,6,5
6781,1131,1,5
6782,1131,2,5
6783,1131,3,4
6784,1131,4,3
6785,1131,5,5
6786,1131,6,3
6787,1132,1,4
6788,1132,2,3
6789,1132,3,5
6790,1132,4,5
6791,1132,5,5
6792,1132,6,4
6793,1133,1,5
6794,1133,2,5
6795,1133,3,5
6796,1133,4,3
6797,1133,5,3
6798,1133,6,5
6799,1134,1,4
6800,1134,2,4
6801,1134,3,5
6802,1134,4,4
6803,1134,5,5
6804,1134,6,4
6805,1135,1,3
6806,1135,2,5
6807,1135,3,5
6808,1135,4,4
6809,1135,5,5
6810,1135,6,3
6811,1136,1,3
6812,1136,2,4
6813,1136,3,4
6814,1136,4,3
6815,1136,5,5
6816,1136,6,4
6817,1137,1,3
6818,1137,2,4
6819,1137,3,5
6820,1137,4,4
6821,1137,5,5
6822,1137,6,5
6823,1138,1,5
6824,1138,2,4
6825,1138,3,5
6826,1138,4,4
6827,1138,5,3
6828,1138,6,4
6829,1139,1,4
6830,1139,2,4
6831,1139,3,3
6832,1139,4,5
6833,1139,5,4
6834,1139,6,3
6835,1140,1,3
6836,1140,2,4
6837,1140,3,3
6838,1140,4,4
6839,1140,5,3
6840,1140,6,5
6841,1141,1,4
6842,1141,2,3
6843,1141,3,4
6844,1141,4,5
6845,1141,5,3
6846,1141,6,3
6847,1142,1,5
6848,1142,2,5
6849,1142,3,3
6850,1142,4,3
6851,1142,5,4
6852,1142,6,5
6853,1143,1,4
6854,1143,2,4
6855,1143,3,5
6856,1143,4,5
6857,1143,5,3
6858,1143,6,5
6859,1144,1,3
6860,1144,2,3
6861,1144,3,5
6862,1144,4,3
6863,1144,5,4
6864,1144,6,5
6865,1145,1,5
6866,1145,2,4
6867,1145,3,3
6868,1145,4,3
6869,1145,5,3
6870,1145,6,4
6871,1146,1,4
6872,1146,2,5
6873,1146,3,5
6874,1146,4,4
6875,1146,5,3
6876,1146,6,5
6877,1147,1,3
6878,1147,2,5
6879,1147,3,3
6880,1147,4,5
6881,1147,5,3
6882,1147,6,5
6883,1148,1,3
6884,1148,2,3
6885,1148,3,3
6886,1148,4,5
6887,1148,5,3
6888,1148,6,3
6889,1149,1,3
6890,1149,2,3
6891,1149,3,5
6892,1149,4,3
6893,1149,5,4
6894,1149,6,5
6895,1150,1,3
6896,1150,2,4
6897,1150,3,3
6898,1150,4,5
6899,1150,5,4
6900,1150,6,5
6901,1151,1,4
6902,1151,2,5
6903,1151,3,3
6904,1151,4,4
6905,1151,5,4
6906,1151,6,4
6907,1152,1,5
6908,1152,2,3
6909,1152,3,5
6910,1152,4,4
6911,1152,5,3
6912,1152,6,4
6913,1153,1,4
6914,1153,2,3
6915,1153,3,4
6916,1153,4,3
6917,1153,5,3
6918,1153,6,4
6919,1154,1,5
6920,1154,2,5
6921,1154,3,5
6922,1154,4,4
6923,1154,5,5
6924,1154,6,3
6925,1155,1,3
6926,1155,2,4
6927,1155,3,3
6928,1155,4,4
6929,1155,5,5
6930,1155,6,3
6931,1156,1,5
6932,1156,2,5
6933,1156,3,4
6934,1156,4,5
6935,1156,5,5
6936,1156,6,5
6937,1157,1,4
6938,1157,2,3
6939,1157,3,3
6940,1157,4,4
6941,1157,5,5
6942,1157,6,5
6943,1158,1,5
6944,1158,2,4
6945,1158,3,3
6946,1158,4,3
6947,1158,5,5
6948,1158,6,3
6949,1159,1,5
6950,1159,2,3
6951,1159,3,5
6952,1159,4,4
6953,1159,5,4
6954,1159,6,4
6955,1160,1,5
6956,1160,2,3
6957,1160,3,3
6958,1160,4,3
6959,1160,5,5
6960,1160,6,3
6961,1161,1,5
6962,1161,2,5
6963,1161,3,5
6964,1161,4,3
6965,1161,5,3
6966,1161,6,4
6967,1162,1,3
6968,1162,2,3
6969,1162,3,3
6970,1162,4,5
6971,1162,5,5
6972,1162,6,5
6973,1163,1,4
6974,1163,2,3
6975,1163,3,4
6976,1163,4,4
6977,1163,5,5
6978,1163,6,3
6979,1164,1,4
6980,1164,2,4
6981,1164,3,4
6982,1164,4,5
6983,1164,5,4
6984,1164,6,3
6985,1165,1,3
6986,1165,2,3
6987,1165,3,3
6988,1165,4,4
6989,1165,5,5
6990,1165,6,5
6991,1166,1,4
6992,1166,2,5
6993,1166,3,5
6994,1166,4,4
6995,1166,5,4
6996,1166,6,4
6997,1167,1,5
6998,1167,2,5
6999,1167,3,4
7000,1167,4,3
7001,1167,5,5
7002,1167,6,3
7003,1168,1,5
7004,1168,2,3
7005,1168,3,5
7006,1168,4,3
7007,1168,5,5
7008,1168,6,3
7009,1169,1,3
7010,1169,2,3
7011,1169,3,3
7012,1169,4,3
7013,1169,5,4
7014,1169,6,5
7015,1170,1,5
7016,1170,2,3
7017,1170,3,3
7018,1170,4,4
7019,1170,5,4
7020,1170,6,4
7021,1171,1,4
7022,1171,2,4
7023,1171,3,5
7024,1171,4,3
7025,1171,5,5
7026,1171,6,5
7027,1172,1,5
7028,1172,2,4
7029,1172,3,3
7030,1172,4,3
7031,1172,5,3
7032,1172,6,5
7033,1173,1,4
7034,1173,2,5
7035,1173,3,5
7036,1173,4,5
7037,1173,5,3
7038,1173,6,5
7039,1174,1,5
7040,1174,2,4
7041,1174,3,4
7042,1174,4,3
7043,1174,5,5
7044,1174,6,5
7045,1175,1,4
7046,1175,2,4
7047,1175,3,3
7048,1175,4,4
7049,1175,5,5
7050,1175,6,4
7051,1176,1,3
7052,1176,2,5
7053,1176,3,5
7054,1176,4,5
7055,1176,5,4
7056,1176,6,3
7057,1177,1,4
7058,1177,2,4
7059,1177,3,3
7060,1177,4,5
7061,1177,5,5
7062,1177,6,3
7063,1178,1,3
7064,1178,2,5
7065,1178,3,3
7066,1178,4,5
7067,1178,5,3
7068,1178,6,5
7069,1179,1,4
7070,1179,2,3
7071,1179,3,5
7072,1179,4,4
7073,1179,5,3
7074,1179,6,3
7075,1180,1,4
7076,1180,2,3
7077,1180,3,3
7078,1180,4,4
7079,1180,5,4
7080,1180,6,4
7081,1181,1,3
7082,1181,2,5
7083,1181,3,3
7084,1181,4,4
7085,1181,5,4
7086,1181,6,3
7087,1182,1,4
7088,1182,2,5
7089,1182,3,4
7090,1182,4,4
7091,1182,5,5
7092,1182,6,4
7093,1183,1,3
7094,1183,2,4
7095,1183,3,5
7096,1183,4,5
7097,1183,5,4
7098,1183,6,5
7099,1184,1,3
7100,1184,2,5
7101,1184,3,4
7102,1184,4,3
7103,1184,5,4
7104,1184,6,5
7105,1185,1,5
7106,1185,2,4
7107,1185,3,4
7108,1185,4,3
7109,1185,5,3
7110,1185,6,4
7111,1186,1,3
7112,1186,2,3
7113,1186,3,4
7114,1186,4,3
7115,1186,5,3
7116,1186,6,3
7117,1187,1,4
7118,1187,2,5
7119,1187,3,5
7120,1187,4,4
7121,1187,5,5
7122,1187,6,5
7123,1188,1,3
7124,1188,2,3
7125,1188,3,5
7126,1188,4,4
7127,1188,5,4
7128,1188,6,5
7129,1189,1,5
7130,1189,2,4
7131,1189,3,5
7132,1189,4,4
7133,1189,5,3
7134,1189,6,4
7135,1190,1,5
7136,1190,2,3
7137,1190,3,3
7138,1190,4,3
7139,1190,5,5
7140,1190,6,4
7141,1191,1,3
7142,1191,2,4
7143,1191,3,3
7144,1191,4,3
7145,1191,5,3
7146,1191,6,4
7147,1192,1,3
7148,1192,2,4
7149,1192,3,4
7150,1192,4,4
7151,1192,5,4
7152,1192,6,3
7153,1193,1,5
7154,1193,2,3
7155,1193,3,4
7156,1193,4,3
7157,1193,5,3
7158,1193,6,3
7159,1194,1,4
7160,1194,2,4
7161,1194,3,4
7162,1194,4,3
7163,1194,5,4
7164,1194,6,4
7165,1195,1,4
7166,1195,2,3
7167,1195,3,3
7168,1195,4,4
7169,1195,5,3
7170,1195,6,4
7171,1196,1,3
7172,1196,2,3
7173,1196,3,4
7174,1196,4,4
7175,1196,5,4
7176,1196,6,3
7177,1197,1,3
7178,1197,2,3
7179,1197,3,4
7180,1197,4,4
7181,1197,5,3
7182,1197,6,5
7183,1198,1,3
7184,1198,2,3
7185,1198,3,3
7186,1198,4,5
7187,1198,5,5
7188,1198,6,3
7189,1199,1,3
7190,1199,2,5
7191,1199,3,3
7192,1199,4,4
7193,1199,5,3
7194,1199,6,5
7195,1200,1,3
7196,1200,2,4
7197,1200,3,5
7198,1200,4,4
7199,1200,5,5
7200,1200,6,5
7201,1201,1,4
7202,1201,2,4
7203,1201,3,3
7204,1201,4,3
7205,1201,5,3
7206,1201,6,4
7207,1202,1,4
7208,1202,2,3
7209,1202,3,5
7210,1202,4,5
7211,1202,5,5
7212,1202,6,4
7213,1203,1,4
7214,1203,2,3
7215,1203,3,5
7216,1203,4,5
7217,1203,5,3
7218,1203,6,5
7219,1204,1,3
7220,1204,2,3
7221,1204,3,5
7222,1204,4,5
7223,1204,5,3
7224,1204,6,5
7225,1205,1,3
7226,1205,2,3
7227,1205,3,4
7228,1205,4,5
7229,1205,5,4
7230,1205,6,4
7231,1206,1,4
7232,1206,2,3
7233,1206,3,4
7234,1206,4,4
7235,1206,5,4
7236,1206,6,3
7237,1207,1,4
7238,1207,2,5
7239,1207,3,3
7240,1207,4,3
7241,1207,5,4
7242,1207,6,4
7243,1208,1,3
7244,1208,2,5
7245,1208,3,4
7246,1208,4,5
7247,1208,5,3
7248,1208,6,4
7249,1209,1,3
7250,1209,2,4
7251,1209,3,3
7252,1209,4,4
7253,1209,5,3
7254,1209,6,4
7255,1210,1,3
7256,1210,2,3
7257,1210,3,4
7258,1210,4,3
7259,1210,5,3
7260,1210,6,3
7261,1211,1,5
7262,1211,2,3
7263,1211,3,4
7264,1211,4,3
7265,1211,5,3
7266,1211,6,4
7267,1212,1,4
7268,1212,2,4
7269,1212,3,4
7270,1212,4,5
7271,1212,5,3
7272,1212,6,3
7273,1213,1,4
7274,1213,2,4
7275,1213,3,3
7276,1213,4,4
7277,1213,5,4
7278,1213,6,3
7279,1214,1,3
7280,1214,2,5
7281,1214,3,5
7282,1214,4,4
7283,1214,5,3
7284,1214,6,5
7285,1215,1,3
7286,1215,2,5
7287,1215,3,4
7288,1215,4,3
7289,1215,5,4
7290,1215,6,4
7291,1216,1,5
7292,1216,2,4
7293,1216,3,5
7294,1216,4,3
7295,1216,5,3
7296,1216,6,5
7297,1217,1,5
7298,1217,2,5
7299,1217,3,5
7300,1217,4,4
7301,1217,5,4
7302,1217,6,5
7303,1218,1,3
7304,1218,2,3
7305,1218,3,5
7306,1218,4,3
7307,1218,5,4
7308,1218,6,3
7309,1219,1,4
7310,1219,2,3
7311,1219,3,4
7312,1219,4,3
7313,1219,5,5
7314,1219,6,3
7315,1220,1,5
7316,1220,2,5
7317,1220,3,4
7318,1220,4,3
7319,1220,5,4
7320,1220,6,5
7321,1221,1,5
7322,1221,2,4
7323,1221,3,3
7324,1221,4,5
7325,1221,5,5
7326,1221,6,3
7327,1222,1,4
7328,1222,2,4
7329,1222,3,3
7330,1222,4,4
7331,1222,5,3
7332,1222,6,3
7333,1223,1,3
7334,1223,2,4
7335,1223,3,4
7336,1223,4,5
7337,1223,5,5
7338,1223,6,4
7339,1224,1,5
7340,1224,2,5
7341,1224,3,5
7342,1224,4,4
7343,1224,5,5
7344,1224,6,4
7345,1225,1,4
7346,1225,2,3
7347,1225,3,3
7348,1225,4,3
7349,1225,5,5
7350,1225,6,4
7351,1226,1,5
7352,1226,2,5
7353,1226,3,5
7354,1226,4,3
7355,1226,5,4
7356,1226,6,4
7357,1227,1,5
7358,1227,2,3
7359,1227,3,3
7360,1227,4,5
7361,1227,5,3
7362,1227,6,5
7363,1228,1,3
7364,1228,2,4
7365,1228,3,4
7366,1228,4,5
7367,1228,5,3
7368,1228,6,3
7369,1229,1,5
7370,1229,2,3
7371,1229,3,4
7372,1229,4,4
7373,1229,5,4
7374,1229,6,3
7375,1230,1,3
7376,1230,2,3
7377,1230,3,3
7378,1230,4,5
7379,1230,5,4
7380,1230,6,5
7381,1231,1,4
7382,1231,2,3
7383,1231,3,5
7384,1231,4,5
7385,1231,5,5
7386,1231,6,4
7387,1232,1,4
7388,1232,2,5
7389,1232,3,5
7390,1232,4,4
7391,1232,5,3
7392,1232,6,3
7393,1233,1,3
7394,1233,2,3
7395,1233,3,4
7396,1233,4,4
7397,1233,5,3
7398,1233,6,5
7399,1234,1,3
7400,1234,2,3
7401,1234,3,3
7402,1234,4,5
7403,1234,5,4
7404,1234,6,5
7405,1235,1,3
7406,1235,2,3
7407,1235,3,5
7408,1235,4,4
7409,1235,5,4
7410,1235,6,3
7411,1236,1,4
7412,1236,2,3
7413,1236,3,5
7414,1236,4,4
7415,1236,5,5
7416,1236,6,3
7417,1237,1,4
7418,1237,2,4
7419,1237,3,4
7420,1237,4,5
7421,1237,5,4
7422,1237,6,3
7423,1238,1,4
7424,1238,2,3
7425,1238,3,4
7426,1238,4,4
7427,1238,5,3
7428,1238,6,5
7429,1239,1,4
7430,1239,2,3
7431,1239,3,3
7432,1239,4,5
7433,1239,5,5
7434,1239,6,3
7435,1240,1,3
7436,1240,2,5
7437,1240,3,5
7438,1240,4,4
7439,1240,5,5
7440,1240,6,4
7441,1241,1,4
7442,1241,2,3
7443,1241,3,4
7444,1241,4,4
7445,1241,5,5
7446,1241,6,4
7447,1242,1,3
7448,1242,2,4
7449,1242,3,5
7450,1242,4,5
7451,1242,5,3
7452,1242,6,3
7453,1243,1,5
7454,1243,2,3
7455,1243,3,3
7456,1243,4,3
7457,1243,5,5
7458,1243,6,3
7459,1244,1,4
7460,1244,2,5
7461,1244,3,5
7462,1244,4,3
7463,1244,5,4
7464,1244,6,4
7465,1245,1,5
7466,1245,2,4
7467,1245,3,4
7468,1245,4,4
7469,1245,5,3
7470,1245,6,4
7471,1246,1,4
7472,1246,2,4
7473,1246,3,5
7474,1246,4,3
7475,1246,5,3
7476,1246,6,3
7477,1247,1,4
7478,1247,2,4
7479,1247,3,5
7480,1247,4,5
7481,1247,5,5
7482,1247,6,5
7483,1248,1,3
7484,1248,2,5
7485,1248,3,4
7486,1248,4,4
7487,1248,5,4
7488,1248,6,3
7489,1249,1,4
7490,1249,2,5
7491,1249,3,4
7492,1249,4,5
7493,1249,5,3
7494,1249,6,3
7495,1250,1,5
7496,1250,2,4
7497,1250,3,4
7498,1250,4,4
7499,1250,5,3
7500,1250,6,5
7501,1251,1,4
7502,1251,2,5
7503,1251,3,3
7504,1251,4,3
7505,1251,5,5
7506,1251,6,5
7507,1252,1,5
7508,1252,2,5
7509,1252,3,4
7510,1252,4,5
7511,1252,5,5
7512,1252,6,4
7513,1253,1,5
7514,1253,2,4
7515,1253,3,3
7516,1253,4,4
7517,1253,5,4
7518,1253,6,3
7519,1254,1,4
7520,1254,2,3
7521,1254,3,4
7522,1254,4,3
7523,1254,5,3
7524,1254,6,3
7525,1255,1,5
7526,1255,2,4
7527,1255,3,3
7528,1255,4,3
7529,1255,5,5
7530,1255,6,5
7531,1256,1,3
7532,1256,2,3
7533,1256,3,4
7534,1256,4,4
7535,1256,5,5
7536,1256,6,4
7537,1257,1,4
7538,1257,2,4
7539,1257,3,5
7540,1257,4,5
7541,1257,5,4
7542,1257,6,3
7543,1258,1,5
7544,1258,2,3
7545,1258,3,5
7546,1258,4,5
7547,1258,5,5
7548,1258,6,3
7549,1259,1,4
7550,1259,2,3
7551,1259,3,4
7552,1259,4,5
7553,1259,5,5
7554,1259,6,4
7555,1260,1,3
7556,1260,2,4
7557,1260,3,4
7558,1260,4,3
7559,1260,5,3
7560,1260,6,4
7561,1261,1,3
7562,1261,2,3
7563,1261,3,3
7564,1261,4,3
7565,1261,5,3
7566,1261,6,5
7567,1262,1,3
7568,1262,2,5
7569,1262,3,5
7570,1262,4,5
7571,1262,5,5
7572,1262,6,3
7573,1263,1,4
7574,1263,2,5
7575,1263,3,3
7576,1263,4,4
7577,1263,5,3
7578,1263,6,3
7579,1264,1,4
7580,1264,2,3
7581,1264,3,4
7582,1264,4,3
7583,1264,5,4
7584,1264,6,3
7585,1265,1,3
7586,1265,2,4
7587,1265,3,5
7588,1265,4,5
7589,1265,5,4
7590,1265,6,5
7591,1266,1,4
7592,1266,2,3
7593,1266,3,5
7594,1266,4,4
7595,1266,5,5
7596,1266,6,5
7597,1267,1,4
7598,1267,2,3
7599,1267,3,4
7600,1267,4,4
7601,1267,5,5
7602,1267,6,4
7603,1268,1,4
7604,1268,2,4
7605,1268,3,4
7606,1268,4,3
7607,1268,5,4
7608,1268,6,5
7609,1269,1,5
7610,1269,2,5
7611,1269,3,3
7612,1269,4,4
7613,1269,5,4
7614,1269,6,4
7615,1270,1,5
7616,1270,2,4
7617,1270,3,4
7618,1270,4,3
7619,1270,5,4
7620,1270,6,5
7621,1271,1,3
7622,1271,2,3
7623,1271,3,4
7624,1271,4,5
7625,1271,5,5
7626,1271,6,5
7627,1272,1,4
7628,1272,2,5
7629,1272,3,4
7630,1272,4,3
7631,1272,5,3
7632,1272,6,5
7633,1273,1,4
7634,1273,2,4
7635,1273,3,4
7636,1273,4,5
7637,1273,5,4
7638,1273,6,4
7639,1274,1,4
7640,1274,2,5
7641,1274,3,5
7642,1274,4,5
7643,1274,5,4
7644,1274,6,4
7645,1275,1,4
7646,1275,2,5
7647,1275,3,5
7648,1275,4,4
7649,1275,5,3
7650,1275,6,3
7651,1276,1,3
7652,1276,2,4
7653,1276,3,3
7654,1276,4,3
7655,1276,5,5
7656,1276,6,5
7657,1277,1,3
7658,1277,2,5
7659,1277,3,3
7660,1277,4,3
7661,1277,5,4
7662,1277,6,4
7663,1278,1,3
7664,1278,2,4
7665,1278,3,4
7666,1278,4,3
7667,1278,5,5
7668,1278,6,3
7669,1279,1,4
7670,1279,2,3
7671,1279,3,4
7672,1279,4,5
7673,1279,5,3
7674,1279,6,4
7675,1280,1,5
7676,1280,2,3
7677,1280,3,3
7678,1280,4,5
7679,1280,5,4
7680,1280,6,5
7681,1281,1,3
7682,1281,2,4
7683,1281,3,4
7684,1281,4,4
7685,1281,5,4
7686,1281,6,4
7687,1282,1,3
7688,1282,2,3
7689,1282,3,4
7690,1282,4,4
7691,1282,5,4
7692,1282,6,5
7693,1283,1,5
7694,1283,2,5
7695,1283,3,5
7696,1283,4,5
7697,1283,5,5
7698,1283,6,3
7699,1284,1,5
7700,1284,2,4
7701,1284,3,5
7702,1284,4,5
7703,1284,5,3
7704,1284,6,3
7705,1285,1,4
7706,1285,2,3
7707,1285,3,4
7708,1285,4,5
7709,1285,5,3
7710,1285,6,3
7711,1286,1,4
7712,1286,2,3
7713,1286,3,5
7714,1286,4,5
7715,1286,5,5
7716,1286,6,5
7717,1287,1,3
7718,1287,2,3
7719,1287,3,5
7720,1287,4,3
7721,1287,5,4
7722,1287,6,3
7723,1288,1,3
7724,1288,2,4
7725,1288,3,4
7726,1288,4,5
7727,1288,5,3
7728,1288,6,5
7729,1289,1,5
7730,1289,2,5
7731,1289,3,3
7732,1289,4,3
7733,1289,5,3
7734,1289,6,5
7735,1290,1,3
7736,1290,2,3
7737,1290,3,5
7738,1290,4,3
7739,1290,5,3
7740,1290,6,4
7741,1291,1,4
7742,1291,2,3
7743,1291,3,4
7744,1291,4,3
7745,1291,5,5
7746,1291,6,3
7747,1292,1,4
7748,1292,2,5
7749,1292,3,5
7750,1292,4,3
7751,1292,5,3
7752,1292,6,3
7753,1293,1,4
7754,1293,2,3
7755,1293,3,3
7756,1293,4,5
7757,1293,5,5
7758,1293,6,4
7759,1294,1,5
7760,1294,2,4
7761,1294,3,3
7762,1294,4,3
7763,1294,5,5
7764,1294,6,3
7765,1295,1,3
7766,1295,2,3
7767,1295,3,3
7768,1295,4,5
7769,1295,5,3
7770,1295,6,5
7771,1296,1,4
7772,1296,2,4
7773,1296,3,5
7774,1296,4,5
7775,1296,5,5
7776,1296,6,4
7777,1297,1,5
7778,1297,2,3
7779,1297,3,5
7780,1297,4,4
7781,1297,5,4
7782,1297,6,3
7783,1298,1,3
7784,1298,2,5
7785,1298,3,3
7786,1298,4,5
7787,1298,5,4
7788,1298,6,3
7789,1299,1,5
7790,1299,2,4
7791,1299,3,3
7792,1299,4,4
7793,1299,5,4
7794,1299,6,4
7795,1300,1,5
7796,1300,2,3
7797,1300,3,4
7798,1300,4,4
7799,1300,5,4
7800,1300,6,4
7801,1301,1,3
7802,1301,2,3
7803,1301,3,3
7804,1301,4,4
7805,1301,5,5
7806,1301,6,4
7807,1302,1,3
7808,1302,2,4
7809,1302,3,3
7810,1302,4,5
7811,1302,5,4
7812,1302,6,5
7813,1303,1,3
7814,1303,2,3
7815,1303,3,3
7816,1303,4,4
7817,1303,5,4
7818,1303,6,3
7819,1304,1,4
7820,1304,2,5
7821,1304,3,3
7822,1304,4,5
7823,1304,5,3
7824,1304,6,3
7825,1305,1,3
7826,1305,2,4
7827,1305,3,4
7828,1305,4,4
7829,1305,5,3
7830,1305,6,5
7831,1306,1,4
7832,1306,2,3
7833,1306,3,5
7834,1306,4,5
7835,1306,5,3
7836,1306,6,3
7837,1307,1,5
7838,1307,2,3
7839,1307,3,5
7840,1307,4,5
7841,1307,5,4
7842,1307,6,3
7843,1308,1,4
7844,1308,2,5
7845,1308,3,4
7846,1308,4,3
7847,1308,5,4
7848,1308,6,3
7849,1309,1,5
7850,1309,2,4
7851,1309,3,5
7852,1309,4,3
7853,1309,5,3
7854,1309,6,4
7855,1310,1,5
7856,1310,2,4
7857,1310,3,5
7858,1310,4,5
7859,1310,5,3
7860,1310,6,4
7861,1311,1,4
7862,1311,2,4
7863,1311,3,3
7864,1311,4,4
7865,1311,5,4
7866,1311,6,3
7867,1312,1,4
7868,1312,2,5
7869,1312,3,4
7870,1312,4,4
7871,1312,5,5
7872,1312,6,3
7873,1313,1,5
7874,1313,2,3
7875,1313,3,5
7876,1313,4,5
7877,1313,5,5
7878,1313,6,3
7879,1314,1,4
7880,1314,2,3
7881,1314,3,4
7882,1314,4,5
7883,1314,5,4
7884,1314,6,4
7885,1315,1,4
7886,1315,2,4
7887,1315,3,4
7888,1315,4,5
7889,1315,5,5
7890,1315,6,5
7891,1316,1,4
7892,1316,2,4
7893,1316,3,5
7894,1316,4,4
7895,1316,5,3
7896,1316,6,4
7897,1317,1,4
7898,1317,2,5
7899,1317,3,3
7900,1317,4,3
7901,1317,5,5
7902,1317,6,3
7903,1318,1,3
7904,1318,2,5
7905,1318,3,5
7906,1318,4,3
7907,1318,5,3
7908,1318,6,4
7909,1319,1,4
7910,1319,2,5
7911,1319,3,5
7912,1319,4,3
7913,1319,5,5
7914,1319,6,4
7915,1320,1,5
7916,1320,2,3
7917,1320,3,4
7918,1320,4,3
7919,1320,5,4
7920,1320,6,4
7921,1321,1,4
7922,1321,2,3
7923,1321,3,5
7924,1321,4,5
7925,1321,5,4
7926,1321,6,5
7927,1322,1,5
7928,1322,2,4
7929,1322,3,3
7930,1322,4,3
7931,1322,5,5
7932,1322,6,3
7933,1323,1,4
7934,1323,2,3
7935,1323,3,3
7936,1323,4,3
7937,1323,5,3
7938,1323,6,5
7939,1324,1,5
7940,1324,2,5
7941,1324,3,4
7942,1324,4,4
7943,1324,5,4
7944,1324,6,3
7945,1325,1,5
7946,1325,2,5
7947,1325,3,4
7948,1325,4,4
7949,1325,5,4
7950,1325,6,4
7951,1326,1,4
7952,1326,2,3
7953,1326,3,4
7954,1326,4,3
7955,1326,5,5
7956,1326,6,4
7957,1327,1,4
7958,1327,2,3
7959,1327,3,4
7960,1327,4,3
7961,1327,5,5
7962,1327,6,3
7963,1328,1,4
7964,1328,2,4
7965,1328,3,5
7966,1328,4,4
7967,1328,5,4
7968,1328,6,5
7969,1329,1,5
7970,1329,2,5
7971,1329,3,3
7972,1329,4,4
7973,1329,5,5
7974,1329,6,3
7975,1330,1,5
7976,1330,2,4
7977,1330,3,4
7978,1330,4,3
7979,1330,5,5
7980,1330,6,4
7981,1331,1,5
7982,1331,2,5
7983,1331,3,3
7984,1331,4,4
7985,1331,5,4
7986,1331,6,4
7987,1332,1,5
7988,1332,2,5
7989,1332,3,3
7990,1332,4,5
7991,1332,5,4
7992,1332,6,4
7993,1333,1,5
7994,1333,2,3
7995,1333,3,5
7996,1333,4,5
7997,1333,5,4
7998,1333,6,4
7999,1334,1,5
8000,1334,2,5
8001,1334,3,5
8002,1334,4,3
8003,1334,5,5
8004,1334,6,5
8005,1335,1,3
8006,1335,2,5
8007,1335,3,4
8008,1335,4,5
8009,1335,5,5
8010,1335,6,5
8011,1336,1,3
8012,1336,2,5
8013,1336,3,3
8014,1336,4,5
8015,1336,5,3
8016,1336,6,4
8017,1337,1,3
8018,1337,2,3
8019,1337,3,5
8020,1337,4,5
8021,1337,5,4
8022,1337,6,4
8023,1338,1,4
8024,1338,2,5
8025,1338,3,3
8026,1338,4,3
8027,1338,5,5
8028,1338,6,3
8029,1339,1,4
8030,1339,2,5
8031,1339,3,3
8032,1339,4,3
8033,1339,5,5
8034,1339,6,4
8035,1340,1,5
8036,1340,2,3
8037,1340,3,5
8038,1340,4,4
8039,1340,5,4
8040,1340,6,4
8041,1341,1,3
8042,1341,2,5
8043,1341,3,3
8044,1341,4,5
8045,1341,5,4
8046,1341,6,4
8047,1342,1,3
8048,1342,2,3
8049,1342,3,4
8050,1342,4,5
8051,1342,5,5
8052,1342,6,4
8053,1343,1,3
8054,1343,2,5
8055,1343,3,4
8056,1343,4,4
8057,1343,5,5
8058,1343,6,4
8059,1344,1,3
8060,1344,2,5
8061,1344,3,4
8062,1344,4,3
8063,1344,5,3
8064,1344,6,5
8065,1345,1,4
8066,1345,2,4
8067,1345,3,4
8068,1345,4,3
8069,1345,5,4
8070,1345,6,5
8071,1346,1,3
8072,1346,2,4
8073,1346,3,5
8074,1346,4,5
8075,1346,5,5
8076,1346,6,5
8077,1347,1,4
8078,1347,2,3
8079,1347,3,5
8080,1347,4,4
8081,1347,5,3
8082,1347,6,5
8083,1348,1,5
8084,1348,2,3
8085,1348,3,3
8086,1348,4,3
8087,1348,5,4
8088,1348,6,5
8089,1349,1,3
8090,1349,2,5
8091,1349,3,5
8092,1349,4,3
8093,1349,5,4
8094,1349,6,4
8095,1350,1,3
8096,1350,2,4
8097,1350,3,3
8098,1350,4,5
8099,1350,5,5
8100,1350,6,5
8101,1351,1,5
8102,1351,2,5
8103,1351,3,3
8104,1351,4,5
8105,1351,5,5
8106,1351,6,5
8107,1352,1,3
8108,1352,2,3
8109,1352,3,3
8110,1352,4,5
8111,1352,5,5
8112,1352,6,4
8113,1353,1,4
8114,1353,2,5
8115,1353,3,3
8116,1353,4,3
8117,1353,5,4
8118,1353,6,3
8119,1354,1,3
8120,1354,2,4
8121,1354,3,3
8122,1354,4,5
8123,1354,5,4
8124,1354,6,5
8125,1355,1,4
8126,1355,2,3
8127,1355,3,5
8128,1355,4,3
8129,1355,5,3
8130,1355,6,5
8131,1356,1,4
8132,1356,2,5
8133,1356,3,5
8134,1356,4,3
8135,1356,5,4
8136,1356,6,5
8137,1357,1,5
8138,1357,2,5
8139,1357,3,4
8140,1357,4,3
8141,1357,5,4
8142,1357,6,5
8143,1358,1,5
8144,1358,2,4
8145,1358,3,3
8146,1358,4,3
8147,1358,5,4
8148,1358,6,3
8149,1359,1,3
8150,1359,2,3
8151,1359,3,4
8152,1359,4,3
8153,1359,5,4
8154,1359,6,5
8155,1360,1,3
8156,1360,2,4
8157,1360,3,4
8158,1360,4,4
8159,1360,5,4
8160,1360,6,5
8161,1361,1,5
8162,1361,2,5
8163,1361,3,3
8164,1361,4,4
8165,1361,5,3
8166,1361,6,4
8167,1362,1,3
8168,1362,2,4
8169,1362,3,3
8170,1362,4,4
8171,1362,5,5
8172,1362,6,3
8173,1363,1,4
8174,1363,2,5
8175,1363,3,5
8176,1363,4,5
8177,1363,5,4
8178,1363,6,4
8179,1364,1,3
8180,1364,2,5
8181,1364,3,4
8182,1364,4,5
8183,1364,5,5
8184,1364,6,3
8185,1365,1,5
8186,1365,2,3
8187,1365,3,3
8188,1365,4,3
8189,1365,5,3
8190,1365,6,3
8191,1366,1,3
8192,1366,2,3
8193,1366,3,3
8194,1366,4,3
8195,1366,5,5
8196,1366,6,4
8197,1367,1,3
8198,1367,2,3
8199,1367,3,4
8200,1367,4,4
8201,1367,5,5
8202,1367,6,3
8203,1368,1,5
8204,1368,2,3
8205,1368,3,3
8206,1368,4,4
8207,1368,5,5
8208,1368,6,4
8209,1369,1,3
8210,1369,2,3
8211,1369,3,3
8212,1369,4,5
8213,1369,5,4
8214,1369,6,4
8215,1370,1,3
8216,1370,2,4
8217,1370,3,3
8218,1370,4,3
8219,1370,5,4
8220,1370,6,4
8221,1371,1,4
8222,1371,2,3
8223,1371,3,5
8224,1371,4,5
8225,1371,5,5
8226,1371,6,3
8227,1372,1,3
8228,1372,2,5
8229,1372,3,5
8230,1372,4,4
8231,1372,5,5
8232,1372,6,5
8233,1373,1,4
8234,1373,2,4
8235,1373,3,5
8236,1373,4,4
8237,1373,5,4
8238,1373,6,4
8239,1374,1,5
8240,1374,2,3
8241,1374,3,5
8242,1374,4,3
8243,1374,5,5
8244,1374,6,3
8245,1375,1,3
8246,1375,2,5
8247,1375,3,5
8248,1375,4,5
8249,1375,5,4
8250,1375,6,3
8251,1376,1,5
8252,1376,2,5
8253,1376,3,3
8254,1376,4,4
8255,1376,5,4
8256,1376,6,4
8257,1377,1,4
8258,1377,2,4
8259,1377,3,4
8260,1377,4,3
8261,1377,5,3
8262,1377,6,5
8263,1378,1,3
8264,1378,2,5
8265,1378,3,4
8266,1378,4,3
8267,1378,5,5
8268,1378,6,3
8269,1379,1,3
8270,1379,2,5
8271,1379,3,5
8272,1379,4,4
8273,1379,5,3
8274,1379,6,3
8275,1380,1,5
8276,1380,2,5
8277,1380,3,5
8278,1380,4,4
8279,1380,5,3
8280,1380,6,5
8281,1381,1,3
8282,1381,2,4
8283,1381,3,4
8284,1381,4,5
8285,1381,5,5
8286,1381,6,3
8287,1382,1,5
8288,1382,2,4
8289,1382,3,5
8290,1382,4,4
8291,1382,5,4
8292,1382,6,4
8293,1383,1,5
8294,1383,2,4
8295,1383,3,4
8296,1383,4,4
8297,1383,5,3
8298,1383,6,5
8299,1384,1,3
8300,1384,2,4
8301,1384,3,4
8302,1384,4,4
8303,1384,5,5
8304,1384,6,3
8305,1385,1,5
8306,1385,2,3
8307,1385,3,5
8308,1385,4,3
8309,1385,5,4
8310,1385,6,3
8311,1386,1,3
8312,1386,2,3
8313,1386,3,5
8314,1386,4,4
8315,1386,5,5
8316,1386,6,4
8317,1387,1,3
8318,1387,2,5
8319,1387,3,4
8320,1387,4,5
8321,1387,5,5
8322,1387,6,3
8323,1388,1,3
8324,1388,2,3
8325,1388,3,3
8326,1388,4,5
8327,1388,5,3
8328,1388,6,4
8329,1389,1,4
8330,1389,2,5
8331,1389,3,3
8332,1389,4,4
8333,1389,5,3
8334,1389,6,3
8335,1390,1,5
8336,1390,2,3
8337,1390,3,3
8338,1390,4,3
8339,1390,5,4
8340,1390,6,4
8341,1391,1,3
8342,1391,2,5
8343,1391,3,4
8344,1391,4,3
8345,1391,5,5
8346,1391,6,3
8347,1392,1,4
8348,1392,2,5
8349,1392,3,5
8350,1392,4,4
8351,1392,5,4
8352,1392,6,3
8353,1393,1,3
8354,1393,2,4
8355,1393,3,3
8356,1393,4,5
8357,1393,5,5
8358,1393,6,3
8359,1394,1,5
8360,1394,2,3
8361,1394,3,4
8362,1394,4,3
8363,1394,5,4
8364,1394,6,3
8365,1395,1,3
8366,1395,2,3
8367,1395,3,3
8368,1395,4,5
8369,1395,5,3
8370,1395,6,4
8371,1396,1,5
8372,1396,2,3
8373,1396,3,5
8374,1396,4,3
8375,1396,5,4
8376,1396,6,3
8377,1397,1,3
8378,1397,2,5
8379,1397,3,5
8380,1397,4,4
8381,1397,5,4
8382,1397,6,4
8383,1398,1,4
8384,1398,2,3
8385,1398,3,5
8386,1398,4,3
8387,1398,5,5
8388,1398,6,4
8389,1399,1,4
8390,1399,2,3
8391,1399,3,4
8392,1399,4,3
8393,1399,5,3
8394,1399,6,5
8395,1400,1,3
8396,1400,2,3
8397,1400,3,4
8398,1400,4,5
8399,1400,5,5
8400,1400,6,3
8401,1401,1,3
8402,1401,2,4
8403,1401,3,4
8404,1401,4,4
8405,1401,5,4
8406,1401,6,5
8407,1402,1,4
8408,1402,2,4
8409,1402,3,3
8410,1402,4,3
8411,1402,5,5
8412,1402,6,3
8413,1403,1,4
8414,1403,2,5
8415,1403,3,3
8416,1403,4,3
8417,1403,5,5
8418,1403,6,5
8419,1404,1,5
8420,1404,2,5
8421,1404,3,5
8422,1404,4,5
8423,1404,5,5
8424,1404,6,4
8425,1405,1,4
8426,1405,2,4
8427,1405,3,5
8428,1405,4,3
8429,1405,5,4
8430,1405,6,5
8431,1406,1,5
8432,1406,2,3
8433,1406,3,4
8434,1406,4,5
8435,1406,5,5
8436,1406,6,5
8437,1407,1,5
8438,1407,2,5
8439,1407,3,4
8440,1407,4,3
8441,1407,5,4
8442,1407,6,3
8443,1408,1,5
8444,1408,2,5
8445,1408,3,5
8446,1408,4,5
8447,1408,5,3
8448,1408,6,3
8449,1409,1,3
8450,1409,2,4
8451,1409,3,5
8452,1409,4,3
8453,1409,5,5
8454,1409,6,4
8455,1410,1,4
8456,1410,2,4
8457,1410,3,3
8458,1410,4,4
8459,1410,5,3
8460,1410,6,5
8461,1411,1,5
8462,1411,2,4
8463,1411,3,4
8464,1411,4,3
8465,1411,5,5
8466,1411,6,5
8467,1412,1,4
8468,1412,2,3
8469,1412,3,5
8470,1412,4,3
8471,1412,5,3
8472,1412,6,3
8473,1413,1,5
8474,1413,2,3
8475,1413,3,3
8476,1413,4,5
8477,1413,5,5
8478,1413,6,3
8479,1414,1,3
8480,1414,2,4
8481,1414,3,3
8482,1414,4,3
8483,1414,5,5
8484,1414,6,3
8485,1415,1,4
8486,1415,2,3
8487,1415,3,5
8488,1415,4,3
8489,1415,5,5
8490,1415,6,3
8491,1416,1,3
8492,1416,2,5
8493,1416,3,5
8494,1416,4,4
8495,1416,5,4
8496,1416,6,3
8497,1417,1,3
8498,1417,2,4
8499,1417,3,3
8500,1417,4,3
8501,1417,5,4
8502,1417,6,3
8503,1418,1,5
8504,1418,2,3
8505,1418,3,5
8506,1418,4,5
8507,1418,5,3
8508,1418,6,3
8509,1419,1,4
8510,1419,2,4
8511,1419,3,4
8512,1419,4,3
8513,1419,5,4
8514,1419,6,4
8515,1420,1,3
8516,1420,2,5
8517,1420,3,5
8518,1420,4,5
8519,1420,5,4
8520,1420,6,3
8521,1421,1,3
8522,1421,2,5
8523,1421,3,3
8524,1421,4,5
8525,1421,5,4
8526,1421,6,3
8527,1422,1,5
8528,1422,2,3
8529,1422,3,4
8530,1422,4,4
8531,1422,5,5
8532,1422,6,3
8533,1423,1,5
8534,1423,2,3
8535,1423,3,4
8536,1423,4,3
8537,1423,5,5
8538,1423,6,3
8539,1424,1,5
8540,1424,2,3
8541,1424,3,5
8542,1424,4,5
8543,1424,5,3
8544,1424,6,5
8545,1425,1,3
8546,1425,2,5
8547,1425,3,5
8548,1425,4,4
8549,1425,5,5
8550,1425,6,4
8551,1426,1,3
8552,1426,2,3
8553,1426,3,4
8554,1426,4,4
8555,1426,5,4
8556,1426,6,3
8557,1427,1,3
8558,1427,2,3
8559,1427,3,5
8560,1427,4,3
8561,1427,5,3
8562,1427,6,3
8563,1428,1,4
8564,1428,2,3
8565,1428,3,5
8566,1428,4,4
8567,1428,5,5
8568,1428,6,3
8569,1429,1,3
8570,1429,2,3
8571,1429,3,5
8572,1429,4,3
8573,1429,5,5
8574,1429,6,5
8575,1430,1,4
8576,1430,2,3
8577,1430,3,3
8578,1430,4,3
8579,1430,5,5
8580,1430,6,3
8581,1431,1,5
8582,1431,2,5
8583,1431,3,4
8584,1431,4,3
8585,1431,5,3
8586,1431,6,5
8587,1432,1,4
8588,1432,2,5
8589,1432,3,5
8590,1432,4,5
8591,1432,5,4
8592,1432,6,4
8593,1433,1,4
8594,1433,2,3
8595,1433,3,4
8596,1433,4,4
8597,1433,5,5
8598,1433,6,5
8599,1434,1,3
8600,1434,2,4
8601,1434,3,5
8602,1434,4,4
8603,1434,5,4
8604,1434,6,3
8605,1435,1,5
8606,1435,2,3
8607,1435,3,4
8608,1435,4,5
8609,1435,5,4
8610,1435,6,3
8611,1436,1,5
8612,1436,2,5
8613,1436,3,5
8614,1436,4,5
8615,1436,5,5
8616,1436,6,3
8617,1437,1,3
8618,1437,2,3
8619,1437,3,5
8620,1437,4,5
8621,1437,5,5
8622,1437,6,4
8623,1438,1,4
8624,1438,2,3
8625,1438,3,5
8626,1438,4,4
8627,1438,5,3
8628,1438,6,5
8629,1439,1,5
8630,1439,2,4
8631,1439,3,3
8632,1439,4,5
8633,1439,5,4
8634,1439,6,5
8635,1440,1,4
8636,1440,2,5
8637,1440,3,5
8638,1440,4,3
8639,1440,5,5
8640,1440,6,4
8641,1441,1,5
8642,1441,2,5
8643,1441,3,4
8644,1441,4,3
8645,1441,5,3
8646,1441,6,3
8647,1442,1,3
8648,1442,2,4
8649,1442,3,3
8650,1442,4,5
8651,1442,5,5
8652,1442,6,5
8653,1443,1,3
8654,1443,2,5
8655,1443,3,4
8656,1443,4,3
8657,1443,5,5
8658,1443,6,4
8659,1444,1,4
8660,1444,2,5
8661,1444,3,4
8662,1444,4,3
8663,1444,5,3
8664,1444,6,3
8665,1445,1,5
8666,1445,2,4
8667,1445,3,4
8668,1445,4,4
8669,1445,5,5
8670,1445,6,3
8671,1446,1,4
8672,1446,2,4
8673,1446,3,5
8674,1446,4,4
8675,1446,5,3
8676,1446,6,3
8677,1447,1,3
8678,1447,2,5
8679,1447,3,3
8680,1447,4,5
8681,1447,5,4
8682,1447,6,5
8683,1448,1,3
8684,1448,2,5
8685,1448,3,3
8686,1448,4,5
8687,1448,5,5
8688,1448,6,3
8689,1449,1,3
8690,1449,2,3
8691,1449,3,5
8692,1449,4,3
8693,1449,5,3
8694,1449,6,3
8695,1450,1,3
8696,1450,2,4
8697,1450,3,5
8698,1450,4,5
8699,1450,5,3
8700,1450,6,5
8701,1451,1,5
8702,1451,2,3
8703,1451,3,4
8704,1451,4,5
8705,1451,5,3
8706,1451,6,3
8707,1452,1,5
8708,1452,2,3
8709,1452,3,5
8710,1452,4,4
8711,1452,5,4
8712,1452,6,5
8713,1453,1,5
8714,1453,2,3
8715,1453,3,5
8716,1453,4,5
8717,1453,5,4
8718,1453,6,4
8719,1454,1,3
8720,1454,2,5
8721,1454,3,4
8722,1454,4,3
8723,1454,5,5
8724,1454,6,4
8725,1455,1,4
8726,1455,2,3
8727,1455,3,4
8728,1455,4,4
8729,1455,5,3
8730,1455,6,5
8731,1456,1,5
8732,1456,2,3
8733,1456,3,5
8734,1456,4,5
8735,1456,5,3
8736,1456,6,4
8737,1457,1,5
8738,1457,2,4
8739,1457,3,3
8740,1457,4,4
8741,1457,5,4
8742,1457,6,4
8743,1458,1,3
8744,1458,2,4
8745,1458,3,5
8746,1458,4,3
8747,1458,5,4
8748,1458,6,3
8749,1459,1,5
8750,1459,2,5
8751,1459,3,5
8752,1459,4,4
8753,1459,5,4
8754,1459,6,5
8755,1460,1,5
8756,1460,2,3
8757,1460,3,4
8758,1460,4,5
8759,1460,5,3
8760,1460,6,4
8761,1461,1,3
8762,1461,2,5
8763,1461,3,4
8764,1461,4,5
8765,1461,5,3
8766,1461,6,3
8767,1462,1,3
8768,1462,2,4
8769,1462,3,4
8770,1462,4,5
8771,1462,5,5
8772,1462,6,5
8773,1463,1,3
8774,1463,2,3
8775,1463,3,5
8776,1463,4,5
8777,1463,5,5
8778,1463,6,4
8779,1464,1,4
8780,1464,2,3
8781,1464,3,4
8782,1464,4,4
8783,1464,5,4
8784,1464,6,4
8785,1465,1,3
8786,1465,2,5
8787,1465,3,4
8788,1465,4,3
8789,1465,5,3
8790,1465,6,5
8791,1466,1,4
8792,1466,2,4
8793,1466,3,5
8794,1466,4,5
8795,1466,5,5
8796,1466,6,5
8797,1467,1,3
8798,1467,2,4
8799,1467,3,5
8800,1467,4,4
8801,1467,5,4
8802,1467,6,4
8803,1468,1,3
8804,1468,2,3
8805,1468,3,5
8806,1468,4,3
8807,1468,5,3
8808,1468,6,5
8809,1469,1,3
8810,1469,2,3
8811,1469,3,3
8812,1469,4,5
8813,1469,5,3
8814,1469,6,5
8815,1470,1,4
8816,1470,2,3
8817,1470,3,3
8818,1470,4,4
8819,1470,5,3
8820,1470,6,5
8821,1471,1,5
8822,1471,2,3
8823,1471,3,4
8824,1471,4,3
8825,1471,5,5
8826,1471,6,3
8827,1472,1,4
8828,1472,2,5
8829,1472,3,5
8830,1472,4,4
8831,1472,5,3
8832,1472,6,4
8833,1473,1,5
8834,1473,2,5
8835,1473,3,3
8836,1473,4,5
8837,1473,5,3
8838,1473,6,5
8839,1474,1,4
8840,1474,2,4
8841,1474,3,4
8842,1474,4,4
8843,1474,5,5
8844,1474,6,5
8845,1475,1,5
8846,1475,2,5
8847,1475,3,3
8848,1475,4,3
8849,1475,5,3
8850,1475,6,5
8851,1476,1,5
8852,1476,2,3
8853,1476,3,3
8854,1476,4,5
8855,1476,5,5
8856,1476,6,3
8857,1477,1,5
8858,1477,2,4
8859,1477,3,4
8860,1477,4,4
8861,1477,5,4
8862,1477,6,3
8863,1478,1,5
8864,1478,2,5
8865,1478,3,3
8866,1478,4,3
8867,1478,5,3
8868,1478,6,4
8869,1479,1,4
8870,1479,2,4
8871,1479,3,5
8872,1479,4,5
8873,1479,5,5
8874,1479,6,5
8875,1480,1,4
8876,1480,2,5
8877,1480,3,3
8878,1480,4,4
8879,1480,5,5
8880,1480,6,3
8881,1481,1,4
8882,1481,2,5
8883,1481,3,4
8884,1481,4,4
8885,1481,5,5
8886,1481,6,5
8887,1482,1,5
8888,1482,2,4
8889,1482,3,3
8890,1482,4,3
8891,1482,5,3
8892,1482,6,4